This is the file for Question 3.,,,,,,
V1,V2,V3,V4,V5,V6,V7
-0.047486428,1.277950829,2.314665362,3.767863993,2.92440273,2.446762127,3.395612117
-0.663294945,1.545987954,1.600669103,4.987998296,4.396739229,3.40550152,3.959717014
0.170978397,1.648262953,1.890427117,5.945602631,3.447373969,3.301712046,3.923511595
0.113408598,0.802379436,1.654154332,4.009610009,1.231760863,3.048200697,3.800575144
0.904112207,-0.13404299,0.786448611,2.949837921,1.589611406,5.276985601,6.070227288
0.170471311,1.332858047,1.235026824,4.906122162,2.579443309,3.603603749,4.197466033
-0.244943836,1.514133707,1.895972364,4.466176917,1.437923569,2.333981049,3.334975241
0.023952104,1.435178806,2.604566941,4.273130054,2.656951462,2.36768209,2.948042927
-0.923807081,2.023819722,2.739071743,5.289781425,3.069058541,1.111065925,2.605722061
-0.036126103,1.420674857,2.1076304,4.036009017,2.876345074,3.21990512,3.739433159
-1.00532806,1.909059311,2.651217431,4.910467416,2.215317299,1.487771487,2.236010717
-0.763433659,1.606227198,2.494258237,3.920302726,3.224237203,2.230492397,3.334239636
-1.062518359,1.79238908,2.753357203,4.766131909,2.004529419,0.933860768,2.520878477
-0.147314541,1.402736641,1.647372069,4.985343396,1.715990315,2.830063692,3.616807373
-0.228600607,1.061921332,2.071427235,5.180750495,2.438132194,3.043280225,4.260946614
-0.045356636,1.039666545,1.91907562,4.809965373,2.10824716,2.993762872,4.194367633
0.33710166,1.190745771,1.782871735,6.012279971,3.451586297,2.853546262,4.429517675
0.019268511,0.957009676,2.366204028,4.042847166,2.77152916,3.108051927,3.785753945
-0.405648853,1.954906965,2.390298317,4.860934709,3.4028399,2.566700268,3.80961085
-0.482946352,1.804998217,2.391269026,4.364792737,2.857613,2.966462115,3.288295543
-0.073972438,1.134590995,2.642285256,3.573228933,1.337455157,1.926826028,3.589852795
-0.358547211,0.71958183,2.619532863,3.113649487,1.916945615,2.064789922,4.005483419
0.921288306,0.09347189,2.81054933,2.738530794,0.751977712,3.409424607,4.234711218
-0.041344366,0.890194406,1.908408957,3.637188098,2.00352579,3.585163046,3.965002265
-0.717288155,1.661926607,2.235755447,3.418501287,1.768204465,1.649074854,2.693842656
0.062606181,1.307868738,2.502591628,3.436677962,3.267538197,3.359819947,3.539783661
-0.697274962,0.670610111,1.282835718,4.797698417,3.383287851,3.631396481,3.763835754
0.821121309,0.445048901,2.733398258,3.965710402,0.988077769,3.331495304,4.040239611
0.06521402,0.744874916,2.146165532,4.326532433,1.803845579,3.130245676,3.683901983
-1.167461159,2.321759471,2.066743248,4.488565084,3.138514475,1.909345874,3.188071432
-0.694760074,2.12879651,2.129244941,4.781824954,2.782614724,1.872066593,3.31459867
-0.099068142,1.951222892,2.246829641,4.356030347,2.468838137,2.688439809,3.266270973
0.030960975,0.319638619,1.867282392,4.196983894,2.247359612,3.404485374,4.11326104
-1.283979963,2.176452854,2.187673912,4.695987074,4.110377875,1.848212564,3.017569668
0.213929807,0.911508897,1.796539551,3.988305306,1.998455465,3.307299982,4.694533927
-0.638662202,1.241531653,1.986028846,3.454710876,2.244266688,2.563273827,3.806063634
0.524107239,0.811877719,1.996414005,3.368824682,0.373742558,2.8609584,4.086020725
-0.862943949,0.600072858,1.85762826,4.07352713,2.40014163,2.331660384,3.467393081
0.17477301,1.477362523,1.645905953,4.948321291,2.670820993,3.350775215,3.756866411
0.158909969,0.99423932,2.078711035,4.618847564,2.39919633,2.994292903,4.222060473
0.309812837,1.183473606,2.305639619,3.551566554,2.492333442,4.126175293,4.340346011
0.090861672,-0.274786453,1.037335729,3.039437122,0.64670912,3.776281954,4.356539268
-1.337577912,2.311261525,2.142851057,5.057394101,3.871636978,2.194303162,3.597618954
0.749026935,-0.016180821,1.682379345,3.963865051,0.633348182,3.902015932,5.237729027
1.340701587,-0.004911743,2.046430044,2.655856227,0.198607069,3.273286907,4.894046143
0.675745207,-0.167478193,1.894375188,4.260845091,3.022735375,5.113677326,5.018186592
0.953310249,0.260337512,2.239058704,3.708412755,2.257542164,4.472835271,5.173034887
-0.242186531,1.32755758,2.550161184,4.880292173,2.565331933,2.156744222,3.801639408
-0.571774463,0.839076541,1.575980758,4.415059651,1.627780722,2.489618686,3.574910516
-0.213343312,1.207757174,2.459419592,3.612229191,4.178937541,3.428618764,4.083229977
-0.306163644,0.896220216,2.221212917,2.600175981,1.029748008,2.619748312,3.262218695
-0.472853968,0.741545109,1.968406034,4.741151182,0.06895635,1.067282052,3.407940296
0.379786205,0.257644403,1.110537721,3.393727337,-0.153657099,3.226477887,4.122703235
0.973328555,-0.084558062,2.264039008,1.578102052,-0.357749355,3.390890355,5.02912198
-0.448274105,1.951290755,1.357744132,5.160010041,3.848957312,3.114573686,3.678948417
0.200488306,1.043797208,2.553249892,3.158007312,0.781594522,2.247658203,3.675407515
-0.442648635,0.760017855,1.801849251,4.437423583,2.28544421,3.536202983,3.54624309
-0.434676295,1.797439669,1.994073075,3.964116335,2.396078599,1.67024017,3.544857056
-0.049336611,1.218019739,1.531612343,4.145023166,0.867363035,2.675498196,3.743799529
-0.561243649,1.65637133,2.738078245,4.020692745,3.210450988,2.764586619,4.238626557
0.447003633,0.565124593,2.021681821,3.603278142,2.105881418,3.623311535,4.650108516
0.181183648,1.299034047,2.448648154,3.274677854,1.039098242,2.883274455,3.849306404
0.399865558,1.007765091,2.592680093,3.426028552,2.139543031,3.96871942,4.187125775
-0.681998303,1.98473981,2.133346282,4.550622954,2.327464711,1.513190746,3.087620736
0.320302914,1.357999854,2.653509273,3.678640262,2.376431884,2.853050229,4.004624274
-0.041053742,1.430849838,2.27103447,4.365545597,3.531642361,2.808228983,4.11886571
-0.193867735,0.74495025,2.416546065,4.922171986,2.567635412,2.565019369,3.928269228
0.610845535,1.12577348,1.753712992,4.177435233,1.414245865,3.295161151,3.93979415
-0.039416858,0.83352399,1.9210863,3.53496592,2.025258115,3.213303172,4.198926594
-0.405651069,0.390571094,1.792620086,3.25319833,1.782095672,2.936375985,3.75125282
0.395987365,1.58021976,3.027582631,3.863577474,3.104679062,3.169094231,4.076513834
0.215159432,0.72071185,2.212074499,3.592979503,1.801091633,3.254166202,4.730965589
-0.621248082,1.508983336,2.264883801,3.568586166,1.917007219,2.421977774,3.482126944
0.294632806,0.470793125,1.980470116,3.31308764,2.163572021,4.214422526,4.616548228
-0.337871306,1.233450352,2.055738074,4.529252308,1.6247487,2.272730076,3.17585103
0.735240724,0.655124196,2.323626677,4.089888715,0.65028203,3.112011209,4.386811673
0.08309329,0.954512634,1.525197174,3.72785994,1.830455623,3.6925216,4.212905724
0.017292582,0.512553294,1.713876871,3.746154068,1.434048407,3.022170569,3.72356534
0.389415852,0.959767007,2.606598884,2.746530522,2.038860741,3.784147184,4.376887903
-0.395955527,1.366317445,2.179092641,3.900376913,2.035007344,2.39714538,3.295741106
-0.018658529,1.561722254,2.160702495,4.165704495,2.122001895,2.583125103,3.937817891
0.65274226,0.336894488,2.747250142,3.962125094,1.79562036,2.821239279,4.438252482
0.522939026,0.898512015,2.560786359,4.118332614,1.967868251,3.436724493,4.407677301
0.438860929,-0.001226158,1.93174901,3.644601141,0.384092197,3.407038034,4.162444519
0.002877507,0.316722426,1.54628835,3.185959431,0.646471988,2.92110178,4.01029039
0.380698112,0.829650238,2.382314905,4.325798394,2.312535502,3.373477005,4.376052029
-0.003094906,0.925343806,1.741151822,4.060737302,1.725262152,2.785672944,4.202654959
0.259024028,0.964135967,2.572033109,2.894609326,1.62287458,3.1054446,3.913206868
-0.220687161,1.515234843,2.339538144,3.927929098,3.209953301,3.93227872,3.843255224
0.089894643,1.234511243,1.83619183,5.892473729,3.76598247,3.228878978,4.337850931
0.243674497,1.417586462,2.557348996,4.564282615,2.895585633,2.991570052,3.870156598
-0.389270339,1.084176209,2.063997646,4.839519627,2.861260776,2.96500715,3.750844324
-0.30542428,0.962989239,2.405069699,4.181029391,2.029070121,2.367356791,3.556564191
-0.373576274,1.557170974,2.287356332,4.139766795,3.078979968,2.916503213,3.835990714
-0.514846341,1.174421157,1.647666167,5.301850968,2.904897198,2.838885513,3.698290023
-0.148902265,1.744249959,2.532005079,3.974739841,2.665430307,2.601908569,3.997101651
-0.558322446,1.686813923,2.380590736,3.576967341,2.583256928,2.66849235,3.540238931
0.576809589,-0.318035478,1.143411885,3.624033119,0.563383223,3.071391641,4.743101103
-0.309167554,0.468835731,1.745558761,3.140285023,0.32647818,2.194440395,3.253786661
0.107602655,0.429525525,2.372157001,2.77033671,1.314977844,2.46617456,3.786957355
0.472199817,0.322868589,1.894020263,3.691565865,1.365522743,4.09154415,4.754977667
-0.335850307,1.595891691,1.990943786,4.042136392,1.452916606,2.177078453,3.250814998
-0.122084313,0.515562558,2.054601267,3.32172459,2.592563784,3.376978621,4.384361765
-0.539214781,2.537053664,1.598807832,6.705760207,5.76766387,3.019683274,3.911204682
-0.321544501,1.007330179,2.429633346,4.102407353,2.131154084,2.077657077,3.653984202
-0.659776008,1.698207067,1.505503304,5.439440286,2.551576905,2.480979179,4.068769534
-0.371027462,1.774016485,1.672259401,4.50684036,2.966818824,2.78089062,3.566867996
-0.538703798,1.402969129,2.252373587,4.356529079,3.207162191,3.294506743,4.378685407
-0.565120141,1.30651448,1.677961565,4.200330619,3.571545956,3.527498977,4.304260247
0.624837568,0.683500762,1.665913827,3.751822766,1.002333262,2.793069741,4.789488685
-0.673110127,1.390825631,1.851063501,4.087758525,2.261985362,2.210202845,3.416481539
-0.604795342,1.329588348,1.91283717,4.128742977,1.48562824,2.106291111,3.245070217
0.531730331,0.484211806,1.190843825,4.582650039,1.752809676,3.615642543,4.806237177
-0.838857806,1.957873572,2.262845572,3.666579609,2.83443932,1.684368423,3.137150305
0.476535836,0.373187248,1.561792198,4.073036238,1.91066656,4.242871091,4.495616464
-0.146873411,1.380730111,2.507855924,3.8078715,1.518963734,2.213715759,3.549993248
-0.312268096,1.45610272,1.386730451,5.129340346,2.329055247,3.470697672,3.397787524
0.386061979,0.032375109,1.927241204,3.612235942,0.034524147,3.220715208,4.551369236
0.870354888,0.36576998,1.675181021,3.663295092,1.23289493,3.784398656,4.589860019
-1.235892427,1.477212701,1.407059527,4.551779758,1.478453903,2.323960945,3.015620716
0.850813017,0.693713719,1.165167217,3.837204208,1.545789501,4.34914788,4.667984913
0.217605767,1.222793977,1.585057614,4.307787803,2.625299825,3.254396367,4.317507754
0.333187485,1.013867731,1.944839654,5.064952081,2.575118712,2.706451446,4.27703743
-0.682435238,1.703761447,1.936607264,4.768450267,3.075674533,2.167680396,3.252254107
-0.09762772,1.359518977,2.435073651,4.190062273,2.829934222,2.481452978,3.780802643
-0.05637704,0.342449171,1.410156476,3.704718442,0.397124797,3.254705655,3.59992071
0.176258254,1.072360379,2.173728223,4.066811681,2.846206715,3.429493462,4.617126107
-0.478012922,1.895761207,2.409232409,4.324476657,2.433648979,1.941458464,3.213179295
-0.486251635,0.898847035,2.321142555,3.378692916,2.193527821,3.421739198,3.722673699
0.588574519,1.01623915,2.129981059,4.463497918,1.842601872,3.184512379,4.452496075
-0.169214352,0.853257061,2.325883715,3.173764018,1.311238618,3.452567011,3.845443436
0.409555658,0.210215131,1.480305533,5.488003518,1.900179932,3.241295762,4.940243857
0.118697927,1.468769946,2.161236608,3.81159138,1.543893419,2.357575292,3.661110654
-0.026255258,1.122229923,1.099414385,5.092347186,2.328395655,3.619227967,4.29142661
-0.376553691,1.228193828,2.544525633,4.057854027,2.476026871,2.643120589,3.458773101
-0.156290688,0.986849356,2.268732454,2.848916591,1.230563924,2.522817468,3.98279064
-0.189168355,1.686156846,1.585871156,3.911903573,1.734195268,2.66016317,3.675634569
0.30332477,0.875628226,2.523652326,4.693722755,1.194335977,2.010357641,4.035574905
0.379796005,1.105902033,1.803189989,4.082755278,1.301886042,2.772818625,3.740614821
0.450494614,0.995976631,2.317181646,3.642758859,1.737991114,3.386120833,4.193633283
0.472672261,0.316979847,1.723258746,3.723812143,0.955046972,2.806028822,4.78315969
-0.182016032,1.043349973,1.968908127,4.181907852,2.631172328,3.760963617,4.021788914
0.722842471,0.870950184,1.678977292,5.337864984,1.923269474,2.766761829,4.315855828
-0.606401854,2.02025007,2.215413789,4.383558011,3.497741271,2.343172064,3.12111378
-0.553164336,1.123465702,1.932593227,4.01273875,3.468137223,3.133506238,3.845421113
-0.545491765,1.351111397,2.161063331,3.622767549,2.537807053,2.481028166,3.720960516
-0.007486185,0.959678348,2.182603489,4.118243562,1.841412023,2.638295637,3.334778367
-0.598196318,1.676645748,2.404005574,4.102821752,1.194423465,0.975753718,2.650234289
-1.437412135,2.032873042,2.134968326,4.496741281,2.9907595,1.700926588,2.726131622
-0.320770873,0.826521571,1.58474178,4.335327962,1.713944973,2.745760758,4.160013165
0.109642405,0.83688051,1.62259074,3.567606833,1.7512754,3.524171954,4.244220279
0.216802212,0.725623359,2.18172607,4.857636187,2.216609683,3.798367976,4.549105823
0.172206448,0.059982886,1.365044141,3.298085599,1.32374622,3.635923594,4.468709813
0.221879147,1.24012801,1.749251591,4.184168698,2.131153428,3.193841928,3.652907212
0.498980153,0.155439686,2.030545548,3.518714793,1.198775841,3.29008348,4.411629781
0.224367507,0.585554872,1.698000086,4.819987246,2.80014857,4.694311024,4.885690604
0.458314423,0.863863467,1.764158458,4.415802147,1.311073885,3.632582072,4.450158811
0.491760647,1.182121857,1.704407844,4.474384004,1.595490301,2.833297306,4.279553797
0.302899041,0.329131186,2.191969111,3.498236469,2.020935663,4.169116351,4.184529908
0.0244388,0.805450424,1.698604957,3.905611761,1.308832137,2.678074587,3.836974196
-0.048272949,0.595913302,1.730497342,4.28633674,2.300807555,3.283221686,4.098902554
0.324825152,0.823681312,1.834526025,3.47031035,1.506532659,3.244064532,3.918747234
0.195912629,0.526834865,1.87433029,4.498811282,2.537573966,4.10903797,4.658139443
-0.477207563,1.589153007,1.865884185,4.049524827,2.373026027,3.111908725,3.461220408
0.162224016,0.70242166,2.301852376,4.720105679,1.761031193,3.235396374,3.686708372
0.084425294,0.482387927,1.549488956,4.612110976,2.617372028,3.147215479,4.503155242
-0.393336056,0.744685242,1.627858439,4.078748226,2.705480012,3.009237408,4.527154967
-0.156066232,0.509056193,1.73561792,3.336683279,0.231319081,2.080969225,3.688086346
0.745843787,0.248751172,2.335554836,3.166843407,0.879149022,2.874903455,4.294434169
1.0158303,-0.100861292,2.545205257,3.169248645,2.873405714,4.400300145,5.628320707
-0.4682722,1.571744651,2.202766499,4.149471253,2.232013765,2.466835121,3.611548954
-0.223334511,0.935788365,1.585619728,4.462954289,2.590192637,3.097356514,4.544810723
-0.329143148,1.049651796,2.245267244,3.995036811,2.58626825,1.806124852,3.146162116
0.225604686,0.564503125,1.301572559,2.788757962,0.97617795,3.930747308,4.45868663
0.13587102,2.138569214,2.711015028,4.891351532,2.768945008,2.809923353,3.839366954
0.025797231,0.736193156,2.09697626,3.802214445,2.01499491,2.995617661,3.830207443
0.125407995,1.202684695,2.692721824,3.936821425,2.186075254,2.393524272,4.055935214
0.200805631,0.503855206,1.692133787,3.391758886,0.480638398,2.78834207,3.956023602
0.329650415,0.424809187,2.371157087,3.304446401,0.370760975,2.677899408,3.515680997
-0.296002103,1.212162761,1.982944595,3.849441794,3.658911346,3.291469626,3.843720742
0.101501323,0.759331639,1.961564898,4.032474011,1.641057661,2.699310875,3.874820748
-0.41014971,1.596020936,2.521491091,4.450724873,2.340686604,2.379920964,3.651655525
-0.141031594,1.39619153,2.725958666,3.794821503,1.23882853,2.028894303,3.372772636
-0.594310618,1.46671659,1.736715736,3.252915712,2.461899714,3.519118134,3.736513176
-0.45226222,1.328640496,1.916257803,4.044345766,1.907364894,2.427949107,3.686648735
0.872972025,-0.270941789,1.896282401,2.755727256,1.781092292,4.499761951,5.152196418
0.071755476,1.304407955,2.372451507,4.478086315,1.937284159,2.401806659,3.893307595
0.366237488,0.578666341,1.642513574,3.792789991,0.911547062,3.353222947,3.912923352
0.504268298,0.627176515,1.796931533,3.255213018,1.005968372,3.230444279,4.356885405
-0.900719867,2.064493182,2.377238272,5.389756367,2.772049211,1.41395374,2.577271949
0.31994298,1.101283738,1.144734054,5.211138451,0.712961467,3.307021014,3.526456114
0.090416774,0.100922802,1.422209429,4.022111383,0.926397015,3.900505119,4.503082128
-0.280512077,1.57033412,2.173348007,3.975385497,1.325928465,2.448015095,3.418999146
0.090822418,0.378436598,2.023165524,4.587794102,0.913776718,2.535147087,3.756453149
0.059773392,1.26887092,2.762481004,2.976430538,2.924547835,2.392400105,3.672296732
0.48178565,0.257900026,1.46034693,4.352074869,1.353920583,4.207411411,4.986060502
-0.311196679,1.67739166,1.731811413,5.289256574,3.753497169,4.064829921,4.121828624
0.891625064,-0.039653061,1.357251704,4.149737084,1.532044895,4.302426455,4.786617453
-0.902412939,2.591219997,2.06328968,5.420123111,3.519836989,2.051480103,3.012265477
-0.046700008,1.001579241,1.6846104,4.686010894,1.869750064,2.020034793,3.983822821
0.690643829,0.894059024,2.03675785,4.531100446,2.295946329,3.117963502,4.747433267
0.398398544,-0.230301406,0.953957653,3.817023463,1.166199165,4.562348127,5.012547267
0.240174991,1.200237376,1.624889379,3.02403663,1.207446924,3.291907324,3.832309423
0.265301687,0.968715809,1.934674565,3.222025898,2.992055937,3.559579861,4.572138184
0.079290939,0.768590623,1.563348007,3.597319268,1.124008142,2.603444015,3.640706225
0.334469259,-0.193283656,1.386675695,3.911721146,0.17967128,2.115681969,4.151390157
-0.599472773,1.294503781,1.939448812,5.055097933,2.549539806,3.120609745,3.736787814
0.471182495,0.590841297,1.816298808,4.337016303,2.192208346,3.771741513,4.273008671
0.378352157,0.234120887,1.019979737,5.117766,1.440648269,3.957306754,4.508698277
-0.194721312,0.720964891,2.114002416,3.549651223,1.615161481,2.725136888,3.664989468
-0.277602984,1.524603286,2.286389149,4.535198816,3.192788893,2.821411,3.829310143
0.49535413,0.618625846,1.372812915,3.684163047,1.539543032,3.669420283,4.238369752
-0.780961029,2.438891888,1.543467803,5.900053871,2.931098589,1.603357102,2.852665926
0.413793296,0.727745285,1.729475876,3.989612878,1.755442043,3.978709107,4.438478413
-0.240273427,1.141558251,2.172096017,4.313817709,1.768611381,2.834657545,3.989004046
0.358006934,0.789166784,2.078352388,2.424349974,2.661838859,4.022006261,4.987143882
-0.10774151,1.068150955,1.208812748,4.466525973,1.561563393,3.406055328,4.078248938
-1.050764921,2.187410942,2.199759268,4.396598813,2.93734935,1.68204726,2.646164171
-0.629077601,1.293471123,2.40880168,3.474154773,1.036482635,2.050368476,2.661266554
-1.367097758,2.167643659,1.705352678,5.299940954,2.749634726,1.730972017,2.649638356
0.120140113,0.77560677,1.732687868,2.43726399,0.494014905,2.600297803,4.281054602
-0.797462229,1.441790109,2.000097161,3.75695046,1.677624944,2.260537262,2.993836204
0.569853018,0.600590656,1.662084657,4.370825824,1.395702598,3.196083327,4.169913701
-0.313396084,0.469881648,1.697389185,3.757878313,2.092939657,3.378201556,3.781836203
-0.105743856,0.467451595,1.667573309,3.988010561,0.9524815,2.615635127,3.692994382
0.838792723,0.556985497,1.429083269,3.120617194,0.245365315,4.734148539,4.469094356
0.57133646,0.815847766,2.244792989,2.689638534,0.941263829,3.411104932,4.216759113
0.405349087,0.478156146,1.468900581,4.806057176,1.994714116,3.542238208,4.446839199
0.09535656,1.158527926,2.028339736,2.631185627,2.343066214,3.142676278,4.18629605
-0.475269709,1.390182895,2.021203705,5.407472039,2.777242536,1.828343166,3.0156756
0.248834155,0.407961658,1.695334792,4.319641242,1.826867412,3.699813941,4.386806092
-0.584356285,1.244201434,1.523448997,4.451843004,2.109128701,3.170145933,3.551069576
0.043253618,0.881458648,2.007749,3.028992875,1.658986695,3.153932398,3.986470225
0.406954136,0.769632196,1.749751479,3.91502222,1.3242899,3.285411106,4.168480355
-0.46023856,1.729324494,1.97630362,3.532907049,2.132518151,2.58190218,3.353571023
-1.037096169,1.730909972,1.676674817,3.835352245,2.907630014,2.580588694,3.41493794
-0.403936806,1.451992529,1.63479348,4.003582559,2.944365328,3.375824715,3.894086537
0.714693848,0.480951058,1.240482465,4.324994011,0.229391892,3.634757514,4.292998468
-0.417899401,1.801362081,2.080660528,4.367412954,2.902687441,2.383072168,3.418070798
-0.289869162,1.438144436,2.23377023,4.321489113,1.512896644,2.237848773,3.431695512
0.111650156,0.947465855,2.808721159,4.445534009,2.971434077,3.001645332,3.783002671
0.006725314,1.899748126,3.035916618,3.691590193,2.559454878,2.800108853,3.743260426
-0.776944252,2.381262315,1.688552033,5.708984269,4.045957835,2.523898365,3.857014996
-0.026786875,1.299485654,2.260150162,4.012519441,2.310116564,3.247168901,3.022655609
0.827196256,0.220417775,0.915553761,3.903948745,0.07510694,2.854757364,4.383916711
-0.50195979,1.747183546,2.199734888,5.105847482,2.906919026,2.263525367,3.488030774
-0.462339358,1.005814455,1.639678044,4.937065559,2.30468455,2.71996325,3.787443349
0.074390569,0.855312293,2.192239021,4.61132988,2.745549005,3.207514078,4.137051866
-0.208267059,1.997077371,1.742194787,5.181690881,3.539734567,2.797959073,3.928139925
-0.078092814,1.001601333,1.31224686,4.674666336,1.157048057,2.524758686,3.663618983
-0.23153462,1.394855913,1.798492459,4.012932231,2.408922786,2.686841826,3.658941253
-0.046047224,1.144197549,1.824662103,4.817470094,2.211795362,3.294789895,3.694227928
1.400262231,-0.817377272,1.569520462,2.262729782,0.295035937,4.86494634,5.389758143
0.587250052,0.196212194,1.27008012,3.421615478,0.637669206,3.719310271,4.394992007
-0.470198954,1.824324064,2.856943529,3.949430871,3.206294853,2.653127424,3.279349147
0.126668219,0.829051645,2.138011924,4.615738709,3.734266169,4.495693188,4.40643464
0.131854754,0.881667934,2.363220638,4.216932467,3.362187034,3.254046404,4.639850941
0.528462069,0.657041616,1.175128461,5.055255242,2.640007674,3.979730015,4.894706483
0.375454972,0.595091208,2.125289528,4.425974248,2.53909012,3.391219948,4.390978132
1.117603288,0.132557405,1.625484371,3.665130598,0.897253373,4.227682904,4.83300241
0.899358379,0.234489825,1.69789133,3.344727844,1.268217739,4.044698259,4.810684032
-0.249087653,0.959971907,1.852318916,4.786006273,2.480497862,2.717575916,4.242330564
0.116373469,1.192129736,2.217771436,5.256796497,1.636456297,3.114155512,3.702532722
0.22007865,1.110637782,1.30843991,4.135055791,1.768530323,3.713422988,4.525393625
0.260835913,0.24974675,2.369265356,3.147154124,0.523216644,2.731510571,3.833686468
-0.678856527,0.933110405,1.828951791,4.104110658,2.040078017,2.433695378,3.456031915
-0.844189708,1.454097982,2.237803926,3.161409082,1.295468468,2.171773055,3.091484889
-0.638132244,1.838390411,2.420740185,5.69986011,2.715245094,2.223111403,3.351839907
-0.269257112,1.077478829,1.390565053,4.22977116,2.47009838,3.126628736,4.380127393
0.39391531,-0.450699453,0.990258373,3.209481025,1.47693955,4.567539729,5.293644763
-0.212850725,2.12891854,2.451689626,3.69561505,3.599559997,2.778344705,3.846182805
0.308868531,0.834295899,2.417864801,3.781855929,1.504248483,2.46712135,4.002940684
0.673790176,0.610907229,1.831898548,3.947264838,2.1938273,3.763003939,4.573864274
-0.946458438,1.552150975,2.146581093,4.709130654,2.202215471,1.241843814,3.109605319
-0.658752835,1.324968982,1.831466042,4.28437892,2.227701,2.860174275,3.741882329
1.030644726,0.452046088,1.568488489,3.269274298,1.786365222,4.402049235,5.487044711
0.212096125,0.352132435,1.960562349,2.574860817,2.357200706,3.690568912,4.821179311
0.688580306,0.790862541,2.514324022,1.897297364,0.740961624,3.678677523,4.484992277
-0.876277156,2.081405106,2.164766119,4.073084547,2.235360501,1.529102632,3.1680706
0.977979799,0.892444273,1.905989134,4.669796501,1.616933445,3.797239744,4.679949724
0.587941664,0.992242046,1.995360563,3.89576838,2.387725036,3.648508675,4.762687705
-0.531007554,0.688468798,1.813616084,3.805010989,2.555994032,3.211658102,4.225763151
-0.877613724,1.246829586,2.318370766,4.112212281,2.583287097,2.09477904,3.284981379
0.230167692,0.734951509,1.745755027,4.331948688,2.092736841,3.728850435,4.30429296
-0.047290996,0.752891445,2.685772213,4.250170034,2.176468501,2.902608542,3.398056806
0.950120932,-0.34153247,1.715967348,2.925385189,0.817914708,3.672424612,4.708983194
0.107178717,1.200350458,2.265620438,4.122409318,2.399779126,3.40288803,3.794395601
0.101580338,0.701370474,1.157532055,4.71146737,1.338789506,3.833428318,4.732373043
0.154551369,1.11299914,1.607979227,4.817890636,1.323391344,3.145935687,4.085419885
0.697828645,0.388219754,2.76716535,2.923145798,0.896824319,1.850976329,4.229597042
-0.398420856,0.883956774,2.605506124,3.25076421,2.651413186,3.352785647,3.742463996
-0.460486971,0.597893922,2.254175288,3.552482121,1.267039335,2.158258078,3.406384502
-0.26384551,1.185815119,2.024715804,4.387322559,1.904576977,2.078472335,3.768414229
0.005945587,0.94624506,2.217848866,4.488597246,2.677030868,3.245649396,4.033529016
0.100979312,0.575069464,2.502093215,3.107936589,0.353562371,2.489280416,3.851838895
-0.154085803,1.48440916,2.902228833,3.15436018,4.026719632,3.687592168,4.426033303
-0.935538545,1.755200169,2.332113879,4.477844353,2.645296822,2.245675877,2.794625739
0.480023572,-0.260151707,1.396995625,3.340140706,1.026235137,4.669143555,4.420237076
-0.150412498,1.041551723,2.236969498,3.467321828,2.196121645,2.937254142,3.921876565
0.554757219,0.422549617,1.759872206,4.443067807,2.169291125,3.370049911,4.605462417
-1.249954529,2.311760161,2.611582816,3.591736772,3.018122965,2.110432337,2.324500747
0.139565072,1.629766931,2.241166616,4.046185614,1.111215462,2.520765198,3.448745631
1.425431554,-0.856800724,1.64438846,4.000525886,0.81478805,4.909282828,5.708941589
-0.162396803,1.439685921,1.654599565,5.101461303,2.613674418,3.029494067,4.398546271
-0.461121444,1.077993293,1.960829486,4.508214989,3.153936479,2.714129236,4.778581296
0.676663194,0.431318495,1.462118068,4.275680923,1.237095889,4.255993234,4.585057813
-0.443543428,1.344528516,2.402415432,4.337155663,1.238166508,1.741395172,2.818364311
-0.03035973,1.201100458,1.21026375,4.948474198,1.986235085,3.673643337,4.003884379
-0.21623804,1.051422564,1.785052611,3.744878818,0.774062559,2.142037391,3.40757843
-0.974321769,2.085532675,2.168547493,5.032819255,3.651621393,2.658589252,3.261283219
0.243882289,1.071008406,1.552561841,3.882555578,0.598595875,3.037209159,3.84562578
-0.400075197,1.935042505,1.902121794,5.235973348,2.510775029,1.554138867,3.586549217
0.368823796,0.965590594,2.116616363,3.818757553,0.946276572,2.590823519,4.342847782
-0.482176398,1.053638946,1.924175132,3.663388808,0.776210364,2.259056421,3.34172149
-0.226935586,1.098204158,2.069890144,4.134500818,2.350563698,2.619661526,3.549597337
0.218069975,0.45333564,1.578686286,4.394930575,2.362685573,4.063342375,4.626163742
0.084527893,1.387236631,1.224879461,4.778076172,2.046822258,2.802615978,4.228638477
0.151461206,0.794467575,2.010807523,3.640866126,1.346266196,3.185647477,4.435507526
-0.042833534,1.709258977,2.213054509,4.287384208,1.56920642,1.715566238,3.28623961
-0.08876641,1.564767556,2.044571194,5.373892409,3.886055539,4.19408935,4.450500287
0.294430366,0.90579522,1.995371526,3.765422549,1.841908313,2.76834538,4.005603603
-0.602249491,1.096366306,1.860575647,4.686120126,2.508769333,2.403759234,3.609466243
-0.337885041,0.946445563,1.592611702,2.843504689,2.517275029,3.363637733,4.103396542
0.21256157,1.061874111,1.682206291,4.252494131,2.226710443,3.91539232,4.788125631
-0.771821065,1.405600376,1.064944082,5.380434961,3.453899114,2.850584567,4.062244923
0.135632273,0.544566975,2.302483028,3.807197489,1.030331593,2.911150183,4.283861937
0.966849535,-0.130389585,2.2869222,3.924005921,1.467638454,3.419629542,4.678970901
0.487772764,0.194906162,1.186120317,3.765046665,1.661491589,4.397050613,4.683766024
0.804889669,0.589175412,1.952663289,3.272857256,2.202543331,3.446535335,4.577198597
-0.170299565,1.177747566,1.190859098,3.131876214,0.85185424,2.670374678,3.658078633
0.247683753,1.521265935,2.065279105,3.091132191,0.752710583,2.101410752,2.835087308
0.017575004,1.101560192,1.183701352,4.537395005,3.180489655,4.017147298,4.746727217
-0.329028392,1.434761949,1.97796601,4.245255761,1.796389469,1.886788941,3.261528213
-0.905774281,1.663195228,2.095043683,5.075553868,2.048798245,2.168408097,2.684350851
-0.172886019,1.812205387,1.853926286,5.241703341,3.271797407,3.201337523,4.232149797
-0.038894461,0.413752405,0.938572663,4.293921298,1.601223528,3.339241791,4.509339328
-0.421158482,1.160934277,2.746875905,3.268770342,2.31834612,2.583577811,3.535331036
0.633344593,0.144899565,1.994793698,2.251582389,1.780329883,4.022877486,4.981052588
-0.351333244,1.548220471,1.365623565,5.433021502,1.51696967,2.510414358,3.620098602
0.925973124,-0.789847499,1.770969975,2.35615401,-0.214525702,4.306686204,4.861824711
0.00358808,1.256689359,1.724125015,3.996891336,1.699002941,3.218503588,3.880846184
0.070616276,0.979129442,2.5592704,4.704951369,1.763228632,2.166834688,3.290626633
0.027949958,0.921076542,1.869807067,4.836333267,2.664797242,3.561242393,4.425144207
1.006943782,-0.372899532,1.141831027,3.800907864,-0.066480791,3.993816521,4.746704105
0.438952448,0.835040872,1.51258023,4.449456864,1.902619547,3.999705924,4.50775322
-0.331489576,1.634534918,2.253457638,4.222882853,1.129637516,1.862227716,2.890552427
0.828296429,1.032694893,2.082304738,4.251154677,3.265048476,4.028171367,5.014904283
0.812702035,1.036409746,2.194512575,4.08151443,1.522274351,3.864120539,4.450695215
-0.138675189,1.362262209,1.718625759,4.864713623,2.515350506,3.413905947,4.178177365
-0.239287734,0.819206309,2.159003096,3.496790885,1.613488818,2.944430004,3.999085517
-0.03594762,1.2382408,2.033083362,4.298923138,2.364946518,2.908967868,3.984519091
0.476998648,0.800966526,1.510129572,3.448772699,0.275874243,2.801142343,3.58984702
0.450770697,0.970018476,1.205652202,5.165669505,2.010003993,3.621867562,5.127876779
0.817132618,0.37810053,1.896271412,2.865932034,1.121107755,4.21051938,4.841221645
-0.379955894,0.742119976,1.433228096,4.415657944,1.973911826,3.387362368,4.148222149
-0.292411393,1.599836678,2.665339104,4.869507177,3.342646017,3.435886918,4.322872054
0.126803626,1.46308013,2.258957293,3.473935378,1.593194997,3.066371657,4.168742041
0.224476509,0.972568882,1.9983984,3.50508758,2.03390413,3.269035366,3.820848516
0.41796623,0.848481717,1.613153111,3.540260065,0.178080936,2.833000569,3.998657195
-0.423230308,1.220474258,2.357932662,3.797662161,2.285421767,2.500598756,3.744049188
-0.533100486,1.965365693,2.525077203,4.292816338,2.515519907,2.12295648,3.043372612
-0.101445773,1.639741028,2.850954616,4.549434263,3.220426313,2.470307174,3.974102518
-0.528879838,0.318940033,2.307666512,3.089215353,0.727776059,2.417605482,3.130860806
-0.639621237,1.863054898,2.106646639,4.576966487,3.44450683,2.701197276,3.920234268
-0.182908389,1.275608264,2.095254222,4.739650282,2.277523071,2.929301211,3.625094481
-0.30092878,1.444965842,1.715993728,4.516395575,1.472116147,2.200571261,3.513633384
-0.310926412,1.860913031,1.708822263,4.958092557,3.835384794,3.691167388,4.390923799
-0.191957795,1.597059877,2.450136885,2.997764997,1.578875414,2.425491934,3.576969801
-0.008528217,1.296094035,1.716105729,4.932715602,1.433826788,2.634817911,3.958745692
0.504218164,0.748155644,2.178627482,2.888724643,2.085267395,3.33129407,4.721358108
-0.116742425,1.194893064,2.251003942,3.741604535,2.512387687,3.206632763,4.126005746
0.000100256,1.097717127,2.409445727,4.604532194,1.803912899,2.389699008,4.104378179
-0.453154832,1.129548795,1.812078251,2.815034636,1.603644796,2.890918411,3.452645288
0.676403761,0.731729225,1.599178775,3.915721373,1.114099051,3.066865177,4.932478957
-0.419884362,2.046480519,2.078746855,3.469045965,2.128924309,2.655507806,3.131415526
-0.145266782,0.495963456,1.482422111,3.599751529,0.279820554,2.862120371,3.789521618
-0.00154498,0.741615983,1.90237852,4.654505504,1.64679864,2.433807518,4.038518527
0.238159154,0.305685163,1.673750111,3.338089903,2.317129228,3.893207611,5.002554617
-0.241345212,0.741748314,1.703172242,3.296856446,-0.432863352,1.841017072,3.569302931
0.487167252,0.375028513,1.784830701,3.578354385,0.205771185,3.153565324,4.250710299
-0.144541993,1.683967623,2.070586381,5.016273704,2.681896258,2.699183488,3.57561855
0.137307545,0.766929457,1.716789373,4.554153252,1.418205399,3.189826436,4.176108398
-0.246605453,1.308893745,2.20818146,4.121021033,3.481269345,3.256061089,4.133731323
1.425593294,0.007216904,1.21606394,3.588043458,1.399589242,4.837320626,5.472698505
-0.381282306,0.805098242,1.505917193,3.210460831,1.843653671,2.977195551,3.934710696
0.747290547,-0.016134137,1.983884102,2.67961348,0.439712959,3.340336279,4.491586632
-0.325200679,0.738573926,2.011356671,3.198399531,1.786657231,3.736916167,4.731361369
-0.161116071,0.745510204,2.009483462,3.777974272,2.046654373,2.34285675,3.678172559
0.43831411,0.459763859,1.492922621,4.374830311,1.284525191,2.706876254,4.004147836
-0.272598327,1.332335819,1.277882695,4.944680203,1.495830391,2.559083366,3.446371088
0.045263699,0.490877696,1.928091199,2.720716439,1.887623372,3.383010995,4.190517536
-0.221076787,1.804766705,2.295463712,4.873604557,1.77371902,2.893421468,3.374565867
-0.096347548,1.381144579,1.348669874,4.558869564,2.801159685,3.093820838,4.634967853
0.544355444,0.526771001,1.782309637,4.278606069,1.56143607,4.034647468,4.297471746
0.155647726,0.400971882,1.942297476,4.187225494,1.226448486,2.76811268,4.071575596
-0.193900018,0.85365073,1.744569836,5.054310633,2.041243374,2.051305392,4.22292819
0.838455357,0.165790971,1.31890924,3.714790299,-0.10209078,3.699956617,4.871914735
0.154929914,0.732953973,2.208262243,5.231914686,2.887709741,3.362564244,4.317797025
0.401715744,0.235436074,1.872043669,3.686594081,0.835887872,3.28292831,4.738368105
0.774697863,0.256926631,2.257268204,3.757441189,1.531896581,3.846501834,5.243689978
-0.190741527,0.396623872,1.934801768,4.208182883,1.458781487,2.616007145,3.985190815
-0.28733244,1.187495663,1.843788996,4.466736491,1.552704232,1.87434914,3.693077978
-0.285258383,0.490230209,1.228564064,4.48895301,2.770904531,3.356915703,4.101232162
-1.146872338,1.946181536,2.329419009,4.115412441,3.659221395,2.026917145,3.506428357
-0.116387963,1.290143335,2.29441965,5.161111215,3.053079784,3.609137321,4.456822983
-0.231448534,0.7963093,1.936438225,3.917422512,2.675819137,3.404644719,4.129172206
-0.293256995,1.712690857,2.817057212,3.735920538,2.857748659,2.001930896,3.197547312
0.877961906,-0.024568227,2.308494004,3.385211136,0.65736902,3.312745981,4.683639529
-0.317287201,1.665384139,2.249116885,4.705194839,4.017907256,2.473726785,4.172828432
-0.213434835,1.317411241,2.095347471,4.077226082,2.367046692,2.767557901,3.504559519
-0.341896575,1.616615141,2.496404738,5.005779692,3.634339107,2.389818163,3.447441109
-0.208573862,0.93249468,2.358157789,3.903924784,1.980213741,3.422776996,3.730297951
0.610500085,0.175418601,1.367625105,3.015661961,1.33533921,4.201227315,5.180996377
0.267570011,0.623533937,1.955044087,3.858685935,1.511292688,3.188364105,3.984976564
-1.199868528,2.360970703,2.489368341,4.610997544,2.527759822,0.58367994,2.088796824
0.280515368,0.803246437,1.912242356,3.306742272,1.496101158,3.580010812,4.283968542
-0.505032048,1.32940964,1.405819825,4.400299903,2.125398468,2.981717006,3.445616025
-0.890118141,2.251079606,2.718644115,4.101233185,2.922758547,1.168095128,2.590761113
-0.569309692,1.070486563,2.778695774,2.889488753,2.155950481,2.734585519,3.710750014
-0.128940903,0.898831152,1.629559842,5.399452867,1.382220802,2.821528706,3.811451902
-0.100817747,0.912395375,1.832831939,3.999556794,2.249283873,3.090880526,4.170144698
-0.74804837,2.153909238,1.961980797,4.668444938,3.663082759,2.320883476,3.478844491
0.2547227,0.906727627,1.735760644,3.405580579,0.739472603,2.879520906,4.001090653
0.42512751,0.583361931,2.165862215,3.555311911,0.917695738,2.570858923,4.25329896
-0.477183429,0.920058299,2.461081199,4.731472163,3.0500589,3.454961475,3.469964422
0.826696829,0.930626298,1.881904029,3.518572215,1.744489895,3.37632677,4.449428721
0.917162943,-0.077762509,2.428292782,3.005632204,0.708747131,3.350039939,4.723703017
0.176131199,1.144051966,2.255680982,4.233303297,3.16604059,3.244239767,3.827850103
-0.602189338,1.592211137,2.236615593,3.449011725,2.283572686,2.486389002,3.106191782
-1.11653505,1.417568765,1.568607631,4.755476734,2.959016272,2.549648748,3.482143597
0.206474101,1.353505343,1.687565935,4.089032406,1.312226613,2.411290211,3.890960919
-0.394972614,1.534167184,1.312458078,5.430763681,2.581295489,2.984470382,3.521348754
0.576700302,0.418453357,2.54753104,4.01120085,2.329959638,3.635263941,4.507664004
-0.320289449,0.997736435,2.112469672,4.494834639,2.790073196,2.902967529,3.58710067
-0.084070593,1.389107164,2.40448846,3.862736135,1.069645683,2.331719869,2.904575966
0.467544265,0.905855332,2.197236626,4.106814762,3.011090314,4.165772314,4.975986957
-0.324682468,1.325492327,2.155246686,4.76689244,2.977793134,2.503712335,3.744231236
0.067695574,0.683303755,1.784772168,4.205704439,2.156777372,3.644990957,4.462046461
0.088085745,0.211244044,1.663907811,3.791767998,2.344066705,4.03630686,4.007899553
0.270344476,0.726068619,2.450484507,3.458020685,3.211512882,3.763441074,4.840605737
-0.123525036,0.898248365,1.398479232,5.013863122,1.941309372,3.165506674,4.109832907
0.200644187,0.55498105,2.109038364,4.121673982,2.617811197,4.128854431,4.959184624
0.227709459,0.707336098,2.373494466,4.813797046,1.373571076,2.838740946,3.836107003
-0.861528974,1.766278583,1.902969849,4.327997725,3.13981253,2.691106499,3.185716936
0.528790557,0.713672296,2.016613947,3.754716582,0.808655926,2.511716638,4.299451335
0.358960293,0.256183452,1.987148513,3.332119559,2.062244657,3.415584735,4.66581126
0.812075659,0.175170741,2.615608409,3.886069491,1.730623484,3.49065296,5.034467546
0.622200554,0.058015843,2.392667218,2.989478468,0.401762032,2.983952723,4.869037578
0.574476036,0.202374662,2.058995236,3.57444605,0.875750274,3.700422104,4.328007615
-0.897805816,0.807659107,1.446469569,4.804928373,2.171858,2.49270378,4.09431693
0.408673257,0.346781763,2.353821534,4.200657045,2.032612862,3.865026361,4.149973105
-0.675260419,1.234316335,2.108751826,4.847166194,4.34734559,3.385547328,4.41253049
0.552167986,0.494286918,1.844619982,3.637176616,1.510213451,3.771466001,3.980637791
0.612438076,0.61207154,1.923246124,3.680643444,2.510063071,3.912635581,4.403464454
-0.057102504,0.162848797,1.300155394,3.548281634,1.554981694,2.961422553,4.430075866
-0.790483339,1.514492871,2.462804144,3.971918526,2.074440924,1.539739558,3.354606669
0.079509339,1.565207107,2.017366789,4.190578665,2.267035454,2.655919016,3.816493188
-0.105702391,1.917156695,1.874497627,5.004259358,2.275309237,2.354108715,3.769583477
0.024592263,1.27072704,2.270706753,3.147902495,0.818488088,2.587287418,3.35395091
-0.854567709,1.926435082,2.092965399,4.856633279,2.993756411,2.128199157,3.213198896
0.793548569,0.106809139,1.991379775,3.049439973,0.694360658,3.395654462,4.548913156
-1.327698133,2.591550017,2.17500306,4.852768293,2.986735845,1.182474445,2.458478282
0.706600797,-0.330109166,2.569206393,3.148682799,1.84862463,3.612779058,4.978132481
0.314770384,0.702085911,1.277459178,4.248504035,1.244629552,3.357125262,4.280438882
-0.929174207,1.084743744,2.472869296,5.175879143,2.693043681,2.622110743,3.336467463
0.418762067,0.003496149,1.904378819,3.325098436,1.269899439,4.634362778,4.618479179
-0.408297309,0.969321387,1.544557392,4.368359813,2.29994895,3.578582093,4.413517696
-0.284539561,0.919440499,1.247275671,3.75533321,1.006548068,2.414841806,3.894399247
0.2717728,0.284948194,1.661710208,3.896346881,1.783086747,4.026314137,5.158767136
0.070594264,0.824107931,1.930200159,3.528755775,0.243168462,2.149223967,3.194720917
-0.678788731,1.510408059,2.13590974,4.140828384,2.535013756,2.743350383,3.342067829
0.041463991,1.220758152,2.495106176,4.472298607,2.574441529,2.362588918,4.086671114
-0.609185226,1.788326095,2.496709729,4.613393732,3.031549672,2.411050842,3.449694094
-0.230789987,1.568128288,1.982298742,4.307116341,3.002245073,2.657214803,3.706016515
0.7200195,-0.17738687,1.442039385,3.178925181,1.261709713,4.21858334,5.417694676
-0.281289023,1.344844448,2.364853156,3.482481698,3.584026171,3.267549042,3.986818493
-0.358564052,1.147519328,2.060347129,3.048296703,1.896155304,3.31621426,4.00081791
0.337476482,0.995888055,1.678718431,4.454923353,2.242689126,3.441794044,4.663307843
0.561191557,0.64091343,1.962663269,4.561788497,1.447119077,3.483823193,4.364922235
-0.1668195,0.728652433,1.767414914,2.88070645,1.118212694,2.11571707,4.252266569
0.268540611,0.662383273,2.094165407,3.53079999,1.654263324,3.748370779,4.185675506
0.465197687,0.285625122,1.798102939,4.030794101,1.831989044,3.239535946,4.696480342
-0.572990459,1.094918391,1.746337023,3.485994828,2.203743061,2.924144861,3.374527544
0.013629833,0.889988107,2.121062498,4.20706949,2.569225301,2.469899681,3.940081081
-0.113934978,0.797972283,1.249073803,3.993679122,-0.158276841,2.408528656,3.64496721
-0.19903683,1.317688295,1.824353119,4.655654668,3.375893169,3.80319753,4.276334445
-0.137907584,1.039052471,2.148943553,2.950818565,1.413829881,2.873927848,3.83150878
-0.594210517,1.424846206,2.346968558,4.480203022,2.061716071,2.111798105,3.464143815
0.69625642,1.192084758,1.895743671,3.103990015,2.364944767,4.309676405,4.681179461
-0.866879043,1.671171288,2.302392327,4.246172996,2.89050009,2.365786239,2.851161351
0.354750385,0.517753264,2.370920094,3.016770443,2.486390184,3.729353799,5.108327288
0.666880313,0.554465742,1.546711424,4.231315209,1.571296352,3.70672587,4.677529489
-0.636538345,2.559033742,2.268549573,4.53996877,2.339355071,1.899594982,3.001484107
-0.034585198,1.143934523,2.591870126,3.632419693,2.225435025,2.347053373,3.974240548
-0.472607401,1.357454274,1.481610164,4.922121836,1.834396867,1.976275,3.232625278
0.059580679,1.067306172,2.339426271,3.738532359,1.392604621,1.982194479,3.179843443
-0.264563408,1.142235594,1.862884856,4.070459929,2.22893821,3.094719677,4.405274907
-0.399316967,1.632413397,2.562618229,3.899084209,3.381448875,2.823784357,3.952701367
-0.814678602,1.113191531,2.196875515,3.772859913,1.765676031,1.932595186,3.225491057
0.093629566,1.064849723,2.405825116,3.333726316,1.779839284,3.079513572,4.132042638
-0.661020436,2.314429174,2.28318928,4.283474896,2.256414894,1.73716751,3.334767141
0.194544002,1.819112346,2.025079257,3.206614682,1.202964882,3.002230093,3.417659857
-0.298054146,1.34218187,2.656938117,3.795063148,2.136074083,2.9933493,3.414013829
0.67751421,0.852558753,2.430836166,3.208108621,2.336635449,3.875226882,4.69928856
-0.435788108,1.482448989,2.382586196,3.858694927,1.827142997,2.412694966,3.764408521
0.496486131,0.602351974,2.140931812,3.470085483,1.250158712,2.796408251,4.220649384
-0.651225683,1.156983994,1.821878154,4.070405423,2.409346441,3.128793676,3.470085882
0.34459378,-0.498565136,0.910436815,3.737240325,1.947890614,5.627097558,5.198686215
-0.134070545,0.797356156,1.849263291,4.03259776,3.806759138,3.409742564,4.189135916
-0.673029325,0.998304461,1.513962989,3.866161742,1.013835302,2.331559646,2.951492261
-0.099069468,0.957353354,2.507207647,5.151239621,2.903127054,2.179597638,3.85566364
-0.035836901,1.853199894,3.264041278,4.387248452,3.760599138,2.845805636,3.625242079
0.462973568,1.393313466,2.192853317,4.321218286,1.885703245,3.436853347,3.866262801
0.570769354,0.586117802,1.949602192,4.547752702,1.769647477,3.475618397,4.682229606
-0.269316338,0.869813779,2.200357615,3.231673967,2.742182542,3.301244957,3.686791839
0.479141674,1.017639823,1.776766334,3.69443985,2.068693527,3.384806134,4.722552335
0.167916802,1.158672457,2.285764104,3.841053907,1.649440831,2.221193978,3.473080273
0.12989067,0.25047688,1.754786805,3.394572328,1.201103678,3.189380511,4.301586914
-0.519667606,1.25451247,1.967419208,3.494898666,1.301609212,2.337579301,3.386880177
-0.007335412,1.050811998,1.836231039,3.738121613,2.060039275,3.800738921,3.561427399
0.504553548,1.285895152,2.121000091,4.655334592,2.581176626,3.948609371,4.351578573
-0.617546364,1.505471745,1.825130225,4.257264408,2.318832809,2.974057104,3.292405917
-0.025059957,1.332571955,2.247705556,4.664378825,2.681531431,3.515397225,4.064881453
0.430890807,0.900872656,2.369842282,3.545345696,1.080586624,2.786132656,4.046271159
-0.437067528,1.786569876,2.589025366,3.512907694,1.835267251,1.961530044,3.480212237
-0.896675723,2.302115848,2.875425238,3.779950453,2.746712422,1.618989963,2.65146823
0.537696634,0.895713615,2.105817627,4.454613351,2.845833742,4.046742003,4.936528687
0.222180059,1.215699412,2.555379547,3.092151422,2.435972155,2.727095769,4.211055983
-0.517333708,1.605117139,2.002233214,5.540919569,3.533668645,2.297896383,3.355013791
-0.48940812,1.340353024,1.74422341,4.397461757,2.735231294,2.727945917,3.179940011
0.464946788,-0.373783837,1.945029602,2.681929165,-0.465288191,3.34696315,4.009589479
-1.121465208,2.515212842,2.414871493,5.41895639,3.593199666,1.665542307,2.754809436
-0.213962816,0.806338151,1.443419709,3.989415754,1.593050056,3.634442888,4.274061865
-0.418119319,2.533981454,1.906203431,5.258004548,2.940520483,1.556838972,3.612797789
0.187852622,0.515330958,1.515361789,3.655543152,0.898597293,3.136146945,4.502566567
-0.774862496,2.227731437,2.309668942,4.939139975,4.062695055,2.469808132,3.500482969
0.220563384,0.333106473,1.652530666,3.667006544,1.320463953,4.056544607,4.487403027
-0.393793399,1.137720598,1.876906822,4.836143905,2.664209811,2.711669307,4.086323265
0.364983472,0.711234565,2.004295014,3.190895634,2.057323005,3.55491534,4.58716457
-0.658046526,2.102886705,2.26787884,5.316701709,3.693926217,2.088993049,3.467212153
0.096534756,0.619593519,2.073853722,3.205313051,1.710415397,4.117073201,4.175963279
-0.498413558,1.00961517,1.068694326,4.674266212,1.355324297,2.082093569,4.123638725
-0.474130384,2.03810657,2.398892885,6.17702112,4.024482475,2.578524458,3.898774388
-1.031538757,2.13784464,2.525189317,4.19389173,2.929756808,1.815090936,2.900168221
0.712634498,0.006477165,1.270469941,4.273560235,0.347032251,3.575249575,4.841086131
0.142772485,0.948080212,1.895341363,3.893950555,3.141314825,3.636393308,4.503703467
-0.925381014,2.385235152,2.316893545,4.732380825,3.380348366,1.438561655,2.817404224
0.688182905,-0.020496978,2.293921892,2.620062698,1.085993095,2.941582228,4.716973375
0.330698788,0.880522024,1.602654891,4.862227168,1.862003361,3.351078089,4.037831962
-0.156936383,0.65909394,1.783773159,3.564946142,1.752077472,3.141512986,4.218864743
-0.145518839,0.763306215,2.195297771,3.974388208,1.820524143,2.63161946,4.255284021
-0.3412372,1.530636259,1.445267275,4.017874807,2.426179319,2.753795766,3.986618871
-0.025533719,0.666976186,1.833732149,2.740153228,1.43520481,4.214436462,4.038780103
0.035656437,1.616625173,2.104870311,5.046170281,2.732189079,3.433964916,3.902479799
0.14759628,0.978163986,2.247300572,4.659523262,2.602183486,3.349756576,4.400313935
-0.386596674,1.616325199,2.341591798,4.29851289,2.284511315,2.253921691,3.445395679
-0.697597948,1.840577218,2.276461082,3.681650697,3.047685806,2.555514142,3.612533686
-0.640431959,1.385321656,2.133243771,4.516211935,2.457716478,2.538675561,3.489266411
0.160850832,1.319965865,1.975453522,3.947249275,1.944181562,3.396779782,4.231380824
-0.140122971,1.452504964,2.033060201,4.614975637,2.711499706,2.316132582,3.869709483
0.171298521,0.572140655,2.211632625,2.83126765,0.477410435,2.94204051,3.679132362
-0.092305773,0.76306102,2.134892133,3.737945939,0.6034287,1.898833304,3.257780945
-0.113668373,1.483411884,1.698150113,4.709365709,2.816743503,2.558714297,4.538601015
0.759744198,-0.58855396,1.539850341,2.92850466,0.262803908,3.13511122,4.626787309
-0.398203415,1.183675733,1.17903638,4.256664386,3.331752309,4.144103936,4.766444086
-0.613230158,1.164056793,2.172153343,3.94775844,2.254445852,1.958598079,3.298128115
0.954485563,-0.291415208,2.128322082,2.658737636,1.625654255,4.467304556,4.727404794
-0.012000367,0.657732817,1.516553801,4.218158285,1.417689545,2.80682139,3.877229066
0.356287504,0.869021727,1.638932659,3.352579857,2.139503478,4.304033176,4.583212764
-0.541710528,1.37271884,2.121942292,3.675770061,1.477995824,2.357621242,3.344855214
0.021172872,1.520908489,1.427061852,3.797658003,2.383934266,4.074473369,3.718721144
0.607553614,0.090702306,1.61302528,3.230284476,0.640804891,3.344707453,5.099199183
0.260332996,1.488167817,1.781612959,4.587042479,2.64815899,2.993508162,3.985183353
-0.945405936,1.956478776,2.446713552,4.531482614,3.074113831,1.65414404,2.927387118
0.245098156,0.599984121,1.707952426,4.187015174,1.229213374,3.460907612,4.438757905
-0.497283535,1.250728278,2.900904195,2.89429733,1.522556119,1.840407574,2.845907369
-0.038542028,1.432231618,2.693676595,3.866845913,1.306284634,1.67482559,3.450413046
0.775544902,-0.122679187,2.309708184,3.988156519,1.875698594,4.086549467,4.642160892
0.080862968,1.306781712,2.020601828,4.23169396,2.611072951,3.1022827,3.984411332
-1.148067084,2.812914785,1.833135649,6.182834026,4.158642107,1.796274162,2.356023251
-0.737963376,2.44645897,1.870801748,5.556101995,2.920894216,2.249859383,3.193725528
0.528075605,1.110490521,1.890149831,3.419355611,0.909814123,3.450270981,4.18693837
-0.378854761,0.940073548,1.06064371,4.738292218,1.963208778,3.155648631,3.674605181
0.446287172,0.633719142,1.894861293,4.268635381,2.006090212,3.434022991,4.548898424
-0.012835622,1.508204353,2.033115215,4.28005797,2.971037595,3.151866724,4.160204152
0.455885103,1.000306929,1.507559305,4.457680308,1.72207774,2.863708826,4.360398183
-0.411067434,0.921275687,2.209839886,2.946315828,2.226053072,3.238308328,3.457768489
0.409469347,0.828081088,1.548106397,5.18085312,2.035403233,4.076076794,4.680312013
-0.524748315,1.997375096,2.600674467,4.97519522,4.280277245,2.853206678,3.268688711
-0.181895089,1.280997302,2.592483805,4.851375935,2.73855958,2.721746722,4.11447069
0.485083267,0.338844594,2.60608189,3.625211445,0.676600572,3.374174281,4.182452456
1.04828673,-0.030608243,2.824011291,1.999765333,1.400202972,3.876756494,4.929453984
0.025355612,0.676652362,2.786466788,3.857685653,3.044042021,3.154090722,4.036598915
-0.316691743,0.802136453,1.441015905,3.837810963,1.900177406,4.054773839,3.841348028
1.210511896,0.054447241,1.340909185,3.088296239,0.558490969,4.154758499,5.060369977
-0.051076121,1.438739766,1.609432125,3.711935262,3.365232789,3.529625001,4.478433811
-0.542032142,1.774499163,2.213531056,4.070640244,2.499277711,3.132702104,3.569496799
0.085613713,1.365968237,1.377870811,4.321585795,0.825890962,2.885111958,3.857948261
-0.406256592,1.231109624,2.567142972,3.458858376,2.899036228,2.498870234,3.722393045
0.116302895,0.675486194,2.281605923,4.340748501,3.532530991,3.944601002,4.497905902
-0.643474836,1.426531756,2.068759653,4.08888511,1.67118799,2.244562006,2.988479475
0.6628101,1.43457632,2.015430045,4.006410686,2.877076305,3.612522678,4.418363351
-0.179824031,1.29929581,1.924173739,4.655033162,2.392939057,3.049991375,3.813095829
-0.162751244,0.642828023,1.944904084,3.14610675,0.587226705,2.906026096,3.922958093
-0.269913259,1.359207996,2.02718095,5.022713014,2.554500868,2.063947034,3.400235172
-0.647595264,1.533254116,2.21766189,4.587642789,2.797748749,2.568546733,3.333711778
-0.456719768,0.504922399,1.938430826,3.433594288,1.3227086,2.575733017,3.435693576
-0.942070763,2.322318787,1.170098389,5.579649638,3.136628282,2.169832417,2.607367049
-0.224688052,1.400253217,2.338520841,2.898487141,0.964142409,2.324720542,3.240723729
0.613967276,-0.075814893,1.414234565,3.541058527,0.252977942,3.445204337,4.699240735
0.409566614,0.649328895,1.943399186,3.814138847,0.798426359,3.382803946,4.342750259
-0.572559333,1.57045503,2.860221181,4.05678511,3.045977355,1.982290878,3.461225981
0.619720605,0.363205996,1.755066967,2.036017148,0.311100539,3.920708531,4.850817887
-0.467386832,1.145472945,1.636525147,5.214319388,1.771928152,2.288340724,3.664653499
1.559567502,0.127083383,1.569094629,3.501869113,1.298236891,5.115945648,5.34709456
-0.468563384,1.771532236,2.370400496,3.635458486,2.016108355,2.511382152,3.666264901
0.855094868,-0.190152425,1.917304933,2.96349384,0.775151422,4.340614811,4.189306095
0.305711796,0.393252709,2.287787878,2.831618235,1.841642279,3.172337614,4.069841827
-0.732455458,1.748761472,2.435056855,4.507606665,1.675032903,1.1894093,2.854536094
-0.073161925,0.926456469,2.589456538,4.324527996,2.977826062,3.018682208,3.972740145
-0.317617441,1.53064353,2.675296094,3.631160048,2.563051237,2.989771308,3.499826033
-0.588101893,2.182896252,2.077889454,5.33978006,3.277105127,1.859748725,3.783541263
-0.637063586,1.479559839,1.273361176,3.878357893,0.842342912,1.847632516,3.098324522
0.158511137,0.963750928,1.486816795,3.574562636,-0.63610767,2.546399359,3.342874132
0.155487056,0.639329903,2.402902608,2.913642543,0.176754384,1.734887984,3.232660971
-0.178338441,1.197711376,2.511800006,3.397132202,1.099308258,2.196475272,3.778436883
-0.402915041,1.435708568,2.096668757,3.746266661,3.623940475,3.504029171,4.278085327
-0.510479214,2.232128138,2.090734194,4.611271529,3.300728507,2.404199118,3.439917168
0.153961984,0.858764926,1.769208729,3.950339386,2.81457967,3.628610774,4.731246961
-0.312055653,0.889295122,1.894770444,4.564966466,2.391938959,2.663536068,3.860377316
-0.376502189,0.983618204,1.895700836,2.992177533,1.082620086,2.826241186,3.558163647
-0.391845069,1.025486243,1.713171136,5.04490585,1.88645453,3.442379449,3.750595141
0.051879577,1.41946399,2.738566639,3.954607639,1.77636937,2.072731258,3.528620457
0.431479869,0.066463692,1.549192524,3.65342765,1.711056816,3.590390567,4.625885024
-0.464724196,1.213244899,1.928148905,4.587171056,3.002825407,2.565380068,3.501898552
-0.330463594,1.242235164,1.568267888,4.294904859,3.194685747,3.728729536,4.575712856
-0.444353211,0.843600481,1.774816403,4.53678165,1.697016935,1.677869856,3.627126428
0.559791791,1.020721542,2.357550656,3.992181846,2.922014681,4.302973521,4.370390501
-0.050568367,1.66728814,1.78642095,4.942177412,3.333195646,2.644411926,4.028137634
0.717134556,0.202208395,2.674157469,3.04615593,0.334459001,2.675840788,4.460143006
-0.161338437,1.499597226,2.073490012,3.838510395,2.381671745,2.707778662,3.899460792
0.161067618,1.159912454,2.13696717,5.467307513,2.999331209,3.301281894,4.21128277
0.03952691,0.625323266,1.913907813,3.909344587,2.056253074,3.237622084,4.084569563
0.464462827,0.377657567,1.316832111,2.758168574,0.390417997,3.360190115,4.186585333
0.432090581,0.22659419,1.714325839,3.758871371,1.607500974,3.447721348,4.701709421
0.702458273,-0.331668164,1.866646145,3.078791137,1.111030684,4.258061033,4.850922406
0.099476869,0.321566476,1.086170468,4.519704578,1.848588202,3.911243961,4.485979212
0.404061567,-0.177481742,1.591235644,2.580325891,1.260532877,3.896413769,4.704344376
-0.130312679,0.422331957,1.794800786,3.956306364,1.677200029,2.644050835,3.815332898
-0.124429643,1.262161407,2.052817855,4.42665017,2.558451744,3.58032553,4.341830896
0.456196492,0.716184417,2.048633066,3.831559713,1.081348313,2.811020302,3.881001096
0.140796544,0.837629637,1.980841599,4.227376578,1.72033969,3.218352984,4.394886835
-0.804943858,1.932516135,2.097202458,5.122738041,3.029874495,2.159521699,3.083359832
-0.923041677,2.049103908,2.161405256,4.983599189,2.969192607,2.143717222,3.035750162
-0.404522553,1.386178863,2.295290175,5.063557999,3.747054839,2.731542742,4.05565634
0.345328848,0.853734969,1.844755093,3.596564247,1.238359704,3.60972758,3.622890886
0.189516128,1.090158757,1.986996877,4.40997491,1.496817496,2.730501782,3.697966644
0.236852332,0.793231796,2.159583399,4.08048335,1.554420681,3.282642401,3.846342672
0.987965891,-0.294408763,1.036834281,3.047098767,1.702952853,4.925833104,5.638734815
0.037987022,-0.152715638,1.487695828,4.155598712,1.007479064,3.002076827,4.178623444
-1.111448705,2.034632939,1.896574069,5.609138761,4.278827319,2.760729796,3.273609078
0.08118947,1.67755278,2.106284836,4.471254637,3.154005133,3.028408305,4.034408444
0.071241208,1.573339583,2.562321266,4.282758544,2.818322754,2.547089711,3.849029562
0.117697544,0.122932958,2.3333098,3.181235309,1.358606942,3.685030617,4.111115792
0.242750673,0.624099675,1.480566288,2.864452304,0.124912692,3.061089885,3.97379445
0.357031486,0.687166619,1.457796311,4.304615244,2.309980459,4.275574057,4.759782398
0.137659921,0.143744435,0.956506983,4.086800208,1.763616703,3.50483399,4.660345296
-0.074080383,0.69008869,2.285749528,3.824242797,1.277314791,2.29893002,3.598858374
0.527509308,0.804721385,2.062213947,3.938551601,2.302268336,4.213491518,4.342297317
0.449317093,0.072643577,1.177102828,3.248703528,1.340116568,4.173944908,4.818771379
0.35406171,1.384565653,2.173457598,4.540314253,2.936840263,2.65815968,4.211306309
0.993073565,0.231092757,2.008664238,3.053699339,0.79631025,3.123174918,4.408138591
-0.000690415,1.356239814,2.185631606,4.577180939,2.373579055,2.422047728,3.646655657
-0.187436892,1.253768266,1.903983858,4.484583691,1.824064298,2.386002528,3.840614202
0.009327098,0.594531847,2.082850272,3.89969131,2.742307585,3.736416932,4.286163591
0.369831292,1.063991254,1.911063976,4.600510419,2.217152519,3.329167741,4.004417057
-0.115235945,1.065434385,1.454101129,4.36817368,1.290920516,2.982868337,3.718122716
0.026599426,0.460830975,2.7131336,3.092815798,1.572953735,2.046313804,3.818447174
-0.557765663,1.922034166,2.035112724,5.856101377,3.206391481,2.269628596,3.431829113
-0.801215508,1.383256418,2.420416974,4.958635442,3.866684401,2.752754383,3.445737242
-0.008176927,1.242535377,2.383107347,4.118962341,1.743446753,1.931920733,3.496714892
1.049179005,0.476589331,1.696479727,4.089341627,2.356532651,3.94216401,5.127931526
-0.70473274,2.033945546,2.291303525,4.396020553,2.959263906,1.706118273,3.717813041
0.303929988,0.331229465,1.904549845,2.470022904,0.527493562,3.521170967,4.391711231
-0.766229083,2.34145556,2.285755974,4.614250167,4.677502684,3.472480034,3.622091675
0.311360479,0.60822267,1.486092894,4.41901863,2.107239533,3.449413095,4.073672508
-0.564113653,2.04044272,2.636142073,4.666870563,2.345958315,2.04440127,3.23428159
-0.074742492,1.242442046,2.935796972,3.419198264,1.267895973,1.713790132,3.172545983
0.087677911,1.3933651,2.286453283,4.233727649,2.66662447,2.604856437,3.646617073
-0.044823443,1.060849894,2.575853572,3.449589413,1.86297527,2.337025728,3.35974957
0.045889186,1.06066343,1.603608246,4.004287922,2.096962971,3.052097904,4.290401617
-0.03240547,0.649019597,1.805647134,3.424303125,0.892959188,3.241249087,4.412478014
0.17353466,0.427479339,1.911804883,3.200387568,1.849322516,3.017922195,4.118187699
-0.140871922,1.794164434,2.815711106,3.72378588,2.975119051,2.134564627,3.690232942
0.26353855,0.426894746,2.25543197,3.498945951,1.25782594,3.451255998,4.051087936
-0.510355235,1.414864036,2.474011044,3.830708264,2.172263049,1.91982513,3.489740884
-0.35333232,1.224196454,2.696137913,4.297395956,2.96869332,2.803446365,3.850676358
-0.617562045,1.317654236,1.699972783,3.914121884,2.263426042,2.974680929,3.645087868
0.625029417,1.259857703,1.171313706,4.618342803,2.158987085,3.775004111,4.833544222
0.073786317,1.342887526,2.152513661,4.207476429,2.166535686,2.821113911,3.984288566
-0.277442257,0.836009138,1.680945588,4.968001637,1.956199891,2.677054309,3.838964551
-0.061044137,0.400560372,1.78658114,3.138191144,0.800503295,2.886928574,3.632865929
-0.065885838,1.493405328,2.573681671,3.886244793,2.622056247,2.160265087,3.816766571
-0.018738662,0.905548485,1.665882785,2.920026752,2.23647009,3.837528445,3.992350871
0.396449506,0.615959463,2.016933572,3.40289851,1.814548343,3.740588475,4.340978051
-0.25242292,1.36363603,2.283861873,4.104875446,1.62455942,2.07000495,4.028981683
-0.175894394,0.970029189,1.818780275,4.749215761,3.069072535,3.605096771,4.397250872
-0.779334451,1.569172707,1.837852759,4.246723587,2.930289479,1.290611235,2.731423203
-0.525909832,1.551308854,2.365359009,4.61464547,2.973949884,2.3989174,3.575241706
-0.126983742,1.345218037,1.636998964,5.137392449,1.619924508,2.032723418,3.503002299
-0.239987823,1.868240218,2.195160931,3.939365723,3.441135624,2.576432044,3.746364776
1.012813598,-0.22153062,2.503333171,3.342336047,0.123513107,3.918809636,4.512810876
1.109898593,-0.151992981,1.750899883,3.12707475,1.918033484,3.651879946,4.750029435
-0.10555806,1.103732307,1.88985772,3.450982845,0.993791602,2.36763996,3.705863141
-0.502383114,1.908111895,2.73030671,5.182793801,3.229488033,2.074923151,2.947276057
-0.421184255,1.039282188,1.832774752,5.58667821,3.250747623,2.17998753,4.039868908
0.398243468,0.358907606,1.94358904,3.870151199,0.780637253,3.68773667,4.395726277
0.63671307,0.355017665,1.86678675,3.469220857,1.335002111,3.959698305,4.945208076
-0.386355186,1.49830518,2.073742969,3.946830028,2.180497237,3.240346899,3.851478047
0.350312296,1.538383606,1.838081809,4.106510545,1.77213098,2.84819426,3.837213266
-0.491614823,0.963302364,2.389151125,4.571735001,2.420502374,1.611875799,3.338153866
0.250452274,1.135882502,2.422334782,3.96271934,1.875468947,2.683813131,3.830251915
1.509231245,-0.655216205,1.478261886,2.013969692,0.089684664,4.347155455,5.568041591
0.789552927,0.25178493,2.341729659,4.285527453,2.947941532,4.034845036,5.18990906
0.569108148,0.749628511,2.039902585,3.276724102,1.559528333,3.766468965,5.201211819
-0.36024843,1.627724609,2.902467849,3.74421852,1.89001932,1.691020737,3.476377576
0.264828769,0.891078836,1.953516993,4.210410442,3.719669121,4.524661708,4.898059758
-0.123261453,1.490363228,1.704007189,3.791335775,2.619581764,3.57175254,3.38226744
-0.352123259,0.418121223,1.929326436,3.378123499,3.408067824,4.116643766,4.163017734
0.722510159,0.188876074,1.860910238,2.653852644,1.162855976,4.004927336,4.693320133
-0.070056017,1.137119588,2.648998232,4.596041352,1.280838225,2.283955057,3.854234368
0.577597951,0.725729044,2.172597497,3.473076086,2.275818954,3.208171125,4.337484753
0.454563782,0.479278314,1.66698629,3.604625462,1.189497537,3.483677689,3.945565976
-0.747114519,1.591913954,1.667315031,4.780283915,2.729528789,2.649333109,3.090201265
-1.031425585,2.112236541,2.07792642,5.730274947,3.300856824,1.499089022,2.910818869
0.741633762,-0.184642823,1.367197116,4.441759345,1.771711358,4.463928898,5.015342843
-0.23971891,1.547130858,1.831847158,4.000585461,1.484872802,3.107895783,3.28039621
-0.164410301,1.281241627,1.607942205,5.088098288,2.04127699,2.902644537,3.596932968
-0.45181137,1.31140889,0.997145246,4.870151458,3.712992916,3.471166882,3.920640801
-0.551672586,1.474281163,2.710745594,4.478394167,3.357423244,2.775429521,3.520795518
0.324106211,0.405558189,1.953810154,2.755013217,-1.169813426,2.742983913,3.556772232
0.017051553,1.256401832,1.661671621,4.294229599,1.45187827,3.752794813,3.673945842
-0.037354249,1.304897865,2.505498518,3.571655382,3.275042449,2.805325927,4.095750227
-0.233124699,0.549853941,2.276974783,3.588749518,1.854081678,3.01042069,3.844274756
0.637635984,0.528777515,1.931535284,3.438740884,0.723004474,3.050545941,4.036877983
0.187567435,0.352401303,1.868286126,3.338391578,0.560441097,3.111500955,3.93568182
-0.720474071,0.70475726,1.41528181,4.292592193,3.545285515,3.149125631,4.003308599
-0.023009766,1.493628967,2.278443884,4.740523361,3.826750986,2.763522201,4.014894881
-0.614004956,0.804119465,1.385402379,4.16288857,2.292241484,2.29625202,3.548490731
0.37955637,0.381124341,1.684450038,2.989004698,0.373499238,3.519287713,3.961930823
0.537029885,1.022680531,2.681144027,4.288957295,2.674991009,3.151368301,4.528927328
-0.797644002,1.65070547,2.804001941,3.956748513,3.832094025,2.680123951,3.59997902
-0.676030667,1.992368818,2.906651915,3.722104514,1.686984143,1.760375619,3.197643948
0.730788935,0.96016885,1.557474302,4.484689841,1.292161842,3.424168387,4.358667216
0.03348479,0.960541215,2.320560202,3.309461931,1.113934819,2.108312259,3.198834831
0.620587878,0.528609703,1.532161171,2.862949386,-0.76297185,2.94949867,3.833039612
-0.158996057,1.028017833,1.76224554,3.929713268,3.683481588,3.943275615,4.729775404
0.456345063,0.509305449,2.008235642,3.154815065,1.672172175,3.752578727,4.767981255
0.169308346,0.219401851,1.299252646,3.29711479,1.787275358,3.77269106,4.110083745
0.157668158,1.019761052,2.287972277,3.569175131,0.975373531,2.299988347,3.274332587
-0.7634289,1.802552011,2.309153197,4.314700646,2.392939234,1.437918603,3.236308584
-0.241099136,0.468039279,1.532538661,4.027962093,1.387008214,3.223175847,3.803201403
-0.447102268,1.537514229,1.454759083,4.270845263,2.385348777,2.441621081,3.964350188
-0.15494728,0.776629787,1.650829911,4.613050933,2.432930663,3.58902178,4.684053825
-0.2440144,1.009271952,2.192433428,3.842405521,2.749675808,3.436761878,3.804891217
-0.59168905,2.200717846,0.844271553,5.043864674,2.034264842,2.702004804,3.723573843
0.25903036,1.598959952,1.877395637,4.518278391,2.305853145,3.448725072,4.018599596
0.769048821,0.303475377,1.238992313,3.041793104,0.393182074,3.689212341,4.864401113
-0.819889309,0.759014141,2.170363495,4.074576813,1.110646721,2.098941851,3.416109763
-1.308021632,1.690139139,1.98154623,4.979948946,3.246343301,1.959996452,2.890744672
-0.736788443,2.237874429,2.302702229,3.696611374,1.468259963,1.266730984,2.795308622
0.188004665,0.714463453,1.878914834,5.139932822,1.289413545,3.392401621,4.046422683
-0.181502841,1.511959079,2.12332335,4.237705287,2.243639971,2.756762981,4.079426362
-0.177195512,1.697705013,1.774654272,4.180239739,2.615717452,2.505895658,3.68013164
1.185678502,-0.141376757,1.850741167,2.913164925,1.342327964,4.73985196,5.098501506
-0.524946914,1.230764569,1.518838654,4.113585082,3.248638346,3.273354411,4.184764687
0.230047513,1.243524929,0.735000138,4.939396503,0.693307411,3.158642919,3.55905497
0.407703298,0.526270987,1.587467377,3.803241773,2.813636602,4.084549485,4.567052271
-0.359118164,1.911108447,2.143615714,4.113665391,2.345553201,2.02646492,3.173356551
-0.113283014,0.925142742,2.085251198,4.20883472,2.498564145,3.136934762,4.272001212
0.551022998,0.49304006,2.368623416,3.566835398,2.115479917,3.594358029,4.428645422
-0.856396162,2.334350389,2.290401088,5.008813036,3.708362373,1.699378828,3.393778785
-0.727968855,1.160565239,1.739137605,4.554491206,2.480082539,2.810648874,4.090976257
-0.206801651,0.421622864,2.263170121,4.695546352,2.852918206,3.468515389,4.028932923
-0.045101648,0.801907522,2.164647153,3.50377721,2.429693369,3.545698923,4.380277539
-0.1583579,1.384931947,1.742515829,3.924621625,1.710754951,2.636987359,3.773636136
0.427006624,0.655623778,1.617043314,3.813092221,0.665243842,3.440875352,4.570924846
-0.186575853,1.372194588,1.473580363,4.679260985,2.312130921,2.868108498,3.767184873
0.084395509,1.257868711,1.556162655,4.547593402,2.027748382,3.404852276,4.454796659
0.828701139,0.667077847,2.318999412,4.116835648,1.784599959,4.142953821,4.249550206
-1.166945617,2.086116572,2.575594686,4.812123277,4.051605563,1.11030367,3.418758492
-0.097953053,1.054203877,1.838211803,3.820450482,2.225717434,2.928528846,3.794967026
0.596092124,0.521792899,2.007092886,3.491917208,2.027610041,3.943581326,4.715177501
0.253155524,0.021614772,2.462672754,2.800527547,1.802232266,3.532587954,4.860803644
-0.677742188,1.442053047,2.124972185,5.048202901,2.600414403,2.60243311,3.408227463
-0.159682139,1.217511444,2.230729537,3.589460679,1.074064889,2.685810604,3.791010662
0.388090791,0.445011035,2.353869552,2.550638069,1.723549834,2.989398179,4.756386761
-0.258813587,1.187941948,2.138289232,3.989061791,3.256842966,2.856705978,3.965874507
-0.307878995,1.597599299,1.413885995,3.516538615,1.430661221,2.713405119,3.535112843
0.211351322,-0.045154518,1.989633739,3.181226585,2.519969929,3.497643544,4.440306817
0.260450688,0.554676179,1.429318764,4.829472467,2.518684416,3.493729838,4.671125557
0.73358973,0.073170648,1.708571334,4.277656503,1.607739644,3.611099113,4.822123725
0.27322222,0.408107746,2.017697277,3.608254894,1.418646491,2.619827226,4.163797121
0.284671187,0.677715243,1.663979302,4.237399406,1.218315865,3.663360089,4.264145417
0.503866528,0.853765544,0.847668909,4.067110972,1.31454171,3.74252332,4.695093548
0.402387962,0.360485638,1.862627056,3.370929825,-0.015616862,3.466513724,4.814254305
0.326135383,0.051794053,1.803003559,3.355691494,0.740358678,3.248956432,4.592562127
0.221204072,1.220775119,1.908753855,3.659158381,1.362995604,2.824220065,4.057238269
0.103849148,0.223399339,2.58272805,2.243500779,0.8560333,2.842145733,4.064154236
0.311901067,0.560670736,1.279437027,3.868328912,1.873581196,3.685227388,4.575634408
-0.510539665,2.228533451,1.984000552,5.804142052,4.318497877,2.469729601,3.515355115
-0.551892704,1.908681983,2.154719469,5.110973812,1.718098231,1.151719352,2.513683106
0.124843084,0.219457448,1.9445559,2.849783478,0.877551099,2.543398368,3.729465617
0.376907855,0.39988624,1.335681366,3.530452005,2.082003893,4.238515749,4.806118143
-0.516821566,1.964857124,2.426908378,4.258064089,4.258068868,2.821422461,3.600829167
-0.878684102,2.238365227,1.693349358,4.788683817,2.768401946,2.023542003,3.266176094
0.187004245,0.699326178,1.957126677,3.783863654,1.658908359,3.458715489,4.299405858
-0.510101935,2.576884602,1.713241655,5.805745599,3.022644713,2.215089285,3.390493704
-0.621319421,1.910277074,2.338724008,5.399902047,3.873868308,2.193924918,3.721713167
1.062845068,0.232475072,1.712909908,4.47382038,1.175034707,3.531729838,4.981540874
-0.83325878,2.208919567,1.760985005,4.167376339,2.208992275,2.298089584,3.114064281
0.077996437,1.531826766,2.240318784,4.199778296,2.754022304,3.098330629,3.996126614
-0.456322873,2.066226035,2.725533333,4.602098488,2.332016723,1.801038954,3.685561555
0.282857082,1.519951006,1.96372702,4.57065751,2.096854701,3.242419615,3.678934757
-0.338740784,1.915887241,2.022181019,4.496204186,2.737207502,2.629922842,3.542578931
0.22606464,1.008241885,1.956012775,3.928213696,0.504661785,2.090486344,3.911806849
-0.10080207,1.036370136,2.201987564,4.699934302,3.140246203,3.095399522,3.976317007
-1.483408239,2.773373382,1.632949522,6.094300285,3.449632197,1.573598928,2.600845664
1.068946015,-0.234234628,0.991011644,4.746183709,1.502425366,4.752759357,5.624135979
-0.152038922,1.387678175,2.217674944,3.860938066,2.607401155,3.072162878,4.302614957
0.443426071,1.214132312,2.500320206,3.557386612,1.939800422,3.837781452,3.953299384
0.032995281,0.778726342,1.611122211,4.399083425,2.458093187,3.226597636,4.491970905
0.468603488,0.683398193,2.213192919,4.199828723,2.249887664,3.794169428,4.49845452
0.944147421,-0.672807459,1.284639086,1.142857186,0.038368925,4.733407291,5.289518529
-0.681982017,1.744940687,2.495329029,5.638837372,4.776187038,2.155262458,3.892079293
0.229264203,1.216293345,1.778284429,5.420445622,2.738917025,2.524281431,4.229083827
0.681608577,0.489942225,1.548483406,4.273868748,2.723392294,4.170699892,4.771035922
-0.50566705,1.291021288,1.856302915,3.176189586,2.007009265,2.176778515,3.152293995
-0.430298755,1.159275844,1.665276106,3.5420329,2.773714287,3.788338168,4.150368931
-0.081721219,1.381276863,2.133134224,4.025341718,3.207945829,3.142264225,3.947026273
0.290049701,1.338797637,1.295866974,4.580531073,2.634309419,3.698409015,4.725386549
0.286724935,1.196781,2.316952639,4.090178853,1.118428082,1.958202506,3.693487491
0.082767392,0.790685478,2.333386857,3.275983007,1.287068451,3.743412865,3.538891189
0.672904629,0.872484499,2.2807007,3.631284895,1.614409709,3.956941554,4.630118642
0.503757915,0.62533336,2.168004716,3.779794933,1.295527495,2.796972125,3.958198047
-0.212147852,0.423415564,2.061737311,3.749146754,2.875945847,3.417725483,3.877545752
-0.212908218,1.180066718,1.864449885,4.866101721,2.914221602,3.501936903,4.569132235
-0.417075525,1.051041916,2.169352085,3.904430183,2.189877904,2.763377204,3.419280035
-0.49559998,0.957109207,1.587549501,4.660329541,2.144055563,2.404595626,3.740345243
-0.456664495,1.269274524,2.398731798,3.846898737,2.387488713,2.751529756,3.339313417
0.245412622,0.922542994,2.306908235,3.173666242,2.439671667,3.563550534,4.715347645
0.699783165,0.377535074,2.166027872,4.071053068,2.366291666,3.945730847,4.944940778
0.314677483,0.506377736,1.197386788,4.056828011,2.668415821,4.273025023,5.186843725
0.305812848,0.684424736,1.483045164,3.057230411,1.559022918,3.640561536,4.177372141
-1.039911451,2.063273539,2.68171609,5.921243392,2.773604104,1.170713029,2.806886727
-0.827875491,1.138972617,2.113968011,4.772554404,2.126829889,1.42751504,3.05083608
-0.017733017,1.269736695,2.268696369,3.682872897,2.170041063,2.642484885,4.089092168
-0.63108685,1.182486149,1.506159907,3.287879703,1.390055774,2.342577032,3.398116938
0.099672766,1.371200152,2.560724422,4.27007365,3.197342388,3.944972794,3.923594986
0.686394736,0.671630963,2.153239966,3.863253699,1.966162903,3.918322199,4.341656875
0.415548624,0.70229216,1.626189949,4.368901888,0.958509795,2.795059625,4.157344903
0.743428217,0.333841401,2.035860365,3.197941914,1.553937817,3.682682897,4.510787117
-0.154808106,0.692484585,1.854581738,3.32464688,2.999325321,4.356831223,4.839408615
0.125397426,0.760179639,2.189957427,4.42682735,1.820215111,3.31898437,3.708858325
0.077595633,0.787884987,1.792527288,3.824533425,2.688525417,3.573923632,4.524723158
0.265702189,1.030918355,2.191793609,3.230378544,2.460161401,3.936539111,4.390242758
0.299601365,0.847779492,2.493254331,4.37572014,2.018379907,3.173791086,4.257037034
-0.331351666,1.74427964,1.754958317,4.604896572,3.871902912,3.799826559,4.25241041
0.381445294,1.00130411,1.937604586,3.803775063,2.12173531,3.156050869,3.898045868
0.169739327,0.266978763,1.7774297,3.654566721,1.739678544,3.293753255,4.41624121
-0.010157849,1.428167995,2.010128514,4.642347481,2.526797242,2.888243392,4.186019247
0.553633893,0.959699927,1.801631763,3.401570261,1.677116291,3.543844543,4.440639058
0.361758591,0.943694256,2.310990832,3.169902723,1.04440912,2.979260703,3.975616659
-0.282588872,1.498798642,2.412688042,3.496769042,2.419034454,2.633720423,3.272167212
0.746162853,-0.271057769,1.539294181,2.882609206,1.850015091,4.501693642,5.241625118
-0.925877659,2.40935883,3.050663543,4.336247906,3.582659089,2.047175824,3.260720851
-1.472010332,2.586998737,2.487506173,5.275411085,3.97221465,0.982138837,2.234833795
1.267974552,-0.805622327,1.409947344,3.132581494,0.683357276,4.051619858,5.254433763
-0.559010284,1.658085407,1.815846982,5.090659408,3.928084438,3.41667441,3.736362337
-0.179148168,1.470703849,1.451749544,4.936123901,2.086635555,2.489967472,3.585130298
-0.200541231,0.77030839,2.15106835,3.222996112,0.879823458,2.703614954,3.477139569
0.98487177,1.198489965,1.913606801,4.450641941,1.75665494,3.524546139,4.207999881
0.555827672,0.516225012,2.362061686,3.247544428,0.269443283,2.809177643,4.088132543
-0.121977693,0.774624408,1.860337937,2.742008275,1.960438627,3.294379802,4.736922005
-0.486072304,0.807077725,1.896679822,4.180928717,1.423832724,2.322440851,3.665536994
-0.298132416,1.356227042,2.180764317,4.882783068,3.107764141,2.171073919,3.502146732
0.39386844,0.909012739,1.801157751,4.228578685,1.696355164,3.941054422,4.833092004
0.238220642,1.018555454,2.110103448,3.135983343,2.812049725,3.748878174,4.230432983
-0.680582877,1.623172168,2.590515878,4.522958814,1.737690051,1.474713586,3.523906441
0.04338233,0.26052845,2.991142997,2.854617841,1.690343786,3.302554289,3.905048856
-0.066200982,1.01785587,2.006996667,4.322571628,1.604400313,2.501088435,3.993199788
-0.352764695,1.313246128,2.020319698,4.23760392,3.637711646,3.421491,4.13254923
-0.384019685,1.327969413,2.211963237,4.321169984,1.054888967,1.865947433,3.242768612
0.097984993,0.934166085,2.416887823,4.497324494,2.078452891,2.82689916,4.221187864
0.019394547,0.96399032,2.393042452,3.652232003,1.681904165,2.748830583,3.726557436
-0.04287617,1.414160704,1.615695639,5.250421146,2.21991641,2.633208262,3.95143084
0.544677696,0.020239125,1.777685703,3.643690074,1.725524225,4.048292683,4.709373066
0.20708537,0.008219042,1.830268804,4.004051523,1.971319936,3.434929304,4.940862349
-0.525415724,1.516195036,2.284963725,4.424506473,2.413403729,2.274472789,3.550648109
0.124817222,0.857764647,1.908179927,4.506979062,2.20132453,2.555555633,4.130007135
1.033586432,0.578367084,1.867536859,5.03386277,2.254440035,4.789138261,5.500404225
0.242780328,1.140771096,2.318490306,3.805506347,3.246320781,4.010457729,4.085646254
-1.120262486,2.045673655,2.379353348,5.959591855,4.58152031,2.46025278,3.178231181
0.191859511,1.559386569,2.788726093,3.352461823,3.248624639,2.854278656,3.957253887
-0.086247996,1.356456545,1.717685374,4.929217382,2.679606763,2.902252368,3.656183287
-0.407994588,1.6902851,1.618893178,4.393752498,2.954267731,2.904462228,3.666518793
0.235232679,1.170091287,1.558514778,3.826582576,1.654379545,3.503036813,4.036193201
0.754658734,0.721500551,2.609015287,2.915703259,1.418462899,3.385400978,4.471611575
0.479626208,0.758537603,2.016887721,4.784955849,2.399547573,2.972513932,3.847770895
-0.127949816,1.474401545,2.436471822,4.764574465,1.371560519,2.20739361,3.492766452
-0.702598135,1.34166679,2.032871723,4.545177118,2.730123067,2.975204434,3.792965179
-0.596437463,1.568450916,2.356702273,3.780959384,3.101366271,2.950067816,3.462461153
-0.479756654,1.235831043,1.996797764,4.841635998,2.158059773,2.247116694,3.215376681
-0.479516063,1.868529302,2.531199446,5.554716405,3.675144955,2.590028195,3.591117156
-0.930235426,1.951114231,2.014249766,4.772272202,3.317814857,2.898210731,3.288609816
-0.446285525,0.706245734,2.306798832,3.35799495,3.587298627,3.111973804,4.035323029
0.004455106,1.496264492,1.924125447,5.294971167,2.430606173,2.736476805,4.073781396
-0.748713856,1.47573014,1.873977452,4.312296011,1.554735799,1.540362868,2.739560778
-0.079678138,0.491221039,1.809218182,4.006987677,1.467954431,2.835614265,4.245008448
0.34720733,0.363643538,1.148852516,3.490679758,0.376631898,2.912549213,3.876934113
0.923434303,0.976836792,1.714070967,4.608552029,1.40757104,4.318674961,4.72773362
-0.443043084,0.909958582,1.608844827,4.561836819,1.953804671,2.67700062,3.830998592
0.253489931,0.615093573,2.023821331,4.010239296,1.860222659,3.872974972,4.645226909
0.526276055,0.761156259,1.553137207,3.235969453,1.417741699,3.554565431,4.406295251
-0.383571864,1.165722262,1.363737672,4.278655269,2.829204113,3.009699462,4.130578221
-0.157634854,1.178082774,2.099795811,3.568346441,1.743497164,2.845055105,3.517870658
-0.020856586,1.512258425,2.168616597,4.106289204,1.534321915,2.307546728,3.526600049
-0.979793289,1.919937924,2.640554535,3.859667296,3.427092878,2.195068792,2.504118628
0.626786022,1.031860736,1.595345633,4.143070747,2.37403402,3.242008402,4.46110314
-1.089449504,1.603532432,2.310041699,4.147486577,2.881361173,1.84908955,2.897119782
-0.061062177,0.80874562,2.626362701,2.8815161,1.592425025,3.355828755,4.103371361
-0.845565606,1.678061586,1.800228901,4.214002563,2.87872764,2.34688641,3.244106009
0.506930395,0.011925146,0.642667987,3.209212161,0.852640296,4.396777428,4.684179107
-0.45186332,1.529162257,2.413252713,4.954104398,2.761558782,2.662148362,3.391121436
0.53954556,0.317238405,1.479100229,2.449783611,0.567179202,3.592534196,4.457525825
-1.199367116,2.644412381,2.141326892,4.981177458,3.188705455,1.348140028,2.644815162
-0.059170752,0.79980438,2.360826621,4.138225443,2.873941246,3.59301955,4.127644377
0.549735272,1.380837627,2.799135273,4.038528986,3.225616913,3.280361167,4.868499211
0.808483091,0.098374645,1.943739681,2.848228757,0.771887265,3.01844323,4.584075658
-1.047418213,1.447674828,1.64638259,4.22391961,1.730413596,1.707512406,3.298521577
-0.243429276,0.120757355,1.436113989,3.960193606,1.082069021,2.690435395,3.765655901
0.435465302,0.297037952,1.193403611,4.921512851,1.824215011,3.597668534,4.6454847
-0.260671737,0.851523804,1.665256336,4.978656317,2.518616851,2.784303796,3.873417264
-0.77919137,2.334815963,2.350198171,3.474781276,3.156940775,1.732675885,2.703189913
-0.563562341,1.032340569,2.338846788,3.917370849,2.032296012,2.366457284,3.559116779
-0.409861032,2.400229817,2.293272551,5.333512497,4.891951747,2.867315855,3.678451676
0.623244018,0.266331312,1.542498124,3.672734879,1.652131648,4.24842032,5.223321124
-0.112095798,1.014700953,2.034088834,4.011013512,2.097397013,3.335239804,4.238424689
-0.313498571,0.816137077,1.559144837,3.787272959,2.078068386,3.11308962,4.331123304
-0.784213587,2.102780634,2.096894318,4.407584267,2.90805439,2.164816476,3.118713249
0.038418022,0.560769137,1.826789972,4.149609171,2.018709822,2.77452429,4.671493703
-0.761575757,1.551483595,1.985846472,4.772455261,2.553426354,2.223505195,3.439340324
0.259904328,0.254481568,1.349066412,3.642336001,1.093538364,2.807023348,4.030323578
-0.405603499,0.764346899,2.067802556,4.144083512,1.10146727,2.447533473,3.237312831
0.148525872,1.134392551,2.106628459,4.169740601,3.578713097,3.413490549,4.059743535
0.221350373,0.27078927,1.886329019,4.260735873,2.164703111,3.718200911,4.918854669
0.390284796,1.363044676,2.270332947,4.040792969,1.747200397,2.4398809,4.011962626
-0.306564803,0.883893287,1.984367564,3.994416568,2.707836668,2.686193657,3.55934672
0.057277547,1.158641515,2.012497424,4.143215373,0.958830087,2.491843554,3.783548182
0.293881132,1.449370443,2.013660519,4.757598484,1.798291165,3.152973544,4.179084262
-0.127832353,0.344379746,0.715416039,3.525861864,0.732414032,3.826728638,4.218721087
-0.089925072,1.144190979,2.062545033,4.204358599,2.759146845,2.666381785,3.790142197
-0.142348123,1.362286073,2.248325124,4.302851158,3.068095962,3.214995505,3.925030125
0.365978621,0.572319609,1.644888787,5.145972853,3.230481581,3.751581909,4.888237919
0.693270208,0.117515018,1.355391394,3.777558401,0.413144375,4.288475593,4.499317988
0.912160422,0.197303838,2.343792231,2.463684591,1.303389674,3.997372205,5.301232667
0.097257813,0.937736645,1.730644211,4.004693389,2.44345677,3.639157999,4.187934367
0.071657999,0.700221176,2.40923353,4.543108375,2.91545367,3.737874156,4.615697661
-0.464973211,1.443521571,1.924439859,4.392586004,1.765289685,2.45621673,3.388468586
-0.085721734,0.913191464,2.262681074,4.268770986,1.489088376,2.742687399,3.634373803
0.02565794,0.736233063,2.272411242,3.527166534,1.27858845,1.377001455,3.247623549
-0.308626915,1.430536677,2.997020504,4.69375122,3.03492323,2.651726431,3.759769187
-0.426078523,1.315795819,2.107156404,4.746433564,1.68724993,2.039391785,3.74619361
-0.46018211,1.266690984,2.120756962,4.517226867,2.522055119,3.112173028,3.709901505
-1.680684475,2.71504176,1.273784161,5.233385264,2.876041733,1.278074443,2.609335539
-0.554015634,2.42124707,2.766573216,4.76436772,3.163131486,1.977909516,3.074733717
-0.157033276,0.973866725,2.228678279,3.306033142,0.765747927,2.18729044,3.230208811
1.303150653,-0.167715009,2.451076287,2.072746104,0.79437946,4.153171891,5.008475015
0.283518274,1.365348942,2.091401411,5.164939443,3.262546557,3.640555267,4.442554086
0.789300263,-0.066503575,2.544514297,3.506950022,1.025717416,3.795221544,4.473672235
0.64524899,0.588938366,2.512828158,2.893760129,1.205541226,2.756960766,4.141029302
-0.645270296,1.294261218,2.132445855,4.201154561,3.345526735,2.755146553,3.783267713
0.014374639,0.890709035,2.524176131,2.552477711,1.93707361,2.806157257,4.018786989
0.324517433,0.831118609,1.789150507,4.011632108,2.57316648,3.33411172,4.321453294
-0.193048367,1.036225933,1.754810027,3.06709871,2.083772512,2.818029467,4.043447416
0.217816003,0.662698846,2.143901346,2.552688657,2.566645563,3.663831826,4.273272422
0.329767222,0.348964898,1.732705337,3.143558298,1.857876961,3.817424695,4.469105682
-0.876499505,1.680149092,1.935428316,3.667998692,1.638380058,2.3942177,2.986750954
-0.664049387,1.380770945,2.151896683,4.254832887,2.610536819,2.263967316,3.770326372
0.498658431,0.429557043,1.76857255,3.03086233,1.673625334,3.844885389,5.077237973
-0.848695135,1.182980757,2.446011938,4.019673586,2.207815139,1.677540628,2.887517438
0.525936732,0.873800869,1.695572968,4.30557358,1.550921285,2.973426716,4.293214195
0.033082965,0.090747228,1.851151583,3.882898867,1.141220393,3.27218554,4.20321271
0.625062763,0.376039319,2.049353,2.652649917,1.279051419,3.374664919,4.151505561
0.373047869,0.689711873,2.165890959,3.196579863,1.311310427,3.002293812,4.221164806
0.179645226,0.156926845,1.695649713,3.063137842,1.60820668,3.19949967,4.166747381
-0.458428444,1.521707329,2.666206565,2.93292443,0.526022325,1.223429256,3.025314582
-0.436796149,2.046436527,2.105646048,3.423833975,0.09226251,1.196360764,2.823868077
0.420597815,0.602050058,1.966638332,3.802543373,2.30198671,4.110774198,4.915063848
1.079356489,-0.457144196,2.06685655,4.081521882,0.789855363,3.830093551,4.388732045
